zone,label,province,patch,cases,deaths,R_T_median,p_rt_above_one,R_T_lower,R_T_upper,forecast_median,forecast_lower,forecast_upper,share_median,share_lower,share_upper,p_ge_1,p_ge_5,p_ge_10,p_ge_20,cases_last_7,cases_last_14,cases_last_28,last_case_date,walking,as_of
adja,Adja,ituri,Ituri,11,1,0.6796850235697395,0.016875,0.4626770280127546,0.9211791113027049,0.0,0.0,1.0,0.0007450539186733775,0.00039870209249423316,0.001245531019678999,0.06491175574538074,0.01699867471400959,0.006313218889249331,0.0013364053270686032,0,0,0,2026-07-25,0,2026-09-27
ariwara,Ariwara,ituri,Ituri,8,2,0.685956679603726,0.023125,0.47239891348814705,0.9319277355667707,0.0,0.0,3.0,0.0016486848407306532,0.0008747450854212889,0.002655183783486746,0.13713732366118486,0.038031954091937964,0.014445880773506834,0.00313093666388044,0,0,0,2026-08-17,0,2026-09-27
aru,Aru,ituri,Ituri,8,6,0.6851973709074197,0.02,0.4609498437469541,0.9289166306772524,0.0,0.0,4.0,0.001896904052113181,0.0010703980182674303,0.002978912088891237,0.1439236514504636,0.040016003764213826,0.01520078394122637,0.0032963524433741887,0,0,0,2026-08-28,0,2026-09-27
aungba,Aungba,ituri,Ituri,12,5,0.6589717251074996,0.014375,0.44830908740587005,0.9030589333235817,0.0,0.0,3.0,0.001526147143896783,0.0008334105392344908,0.0023778790146651956,0.1361993171105932,0.037629746002625565,0.014252881663486807,0.0030781536642419797,0,0,0,2026-08-20,0,2026-09-27
bambu,Bambu,ituri,Ituri,202,46,0.4361497665376714,0.00875,0.21515854777167256,0.7877375656914887,4.0,0.0,25.0,0.013946686209270143,0.005534722362639254,0.034298987155240275,0.784924890558532,0.43734058548569466,0.23636393854332938,0.07645993085534436,6,23,41,2026-09-27,1,2026-09-27
boga,Boga,ituri,Ituri,2,2,0.638546676691972,0.01125,0.42519249430101314,0.8747032993619017,0.0,0.0,2.0,0.0011635649076894867,0.0005908131960694666,0.0019872551716153437,0.09761714424277437,0.026217008826333744,0.009834510087226076,0.0021084145954559396,0,0,0,2026-08-24,0,2026-09-27
bunia,Bunia,ituri,Ituri,1705,550,0.41778909820309973,0.00125,0.2005715635608907,0.7173339725885287,42.0,14.0,94.0,0.09848726870017643,0.04176396011542498,0.1929266495757747,0.9999466918195172,0.9975824268187857,0.9832691891549612,0.8937775454859479,43,122,308,2026-09-27,1,2026-09-27
damas,Damas,ituri,Ituri,40,9,0.4814202499800878,0.029375,0.2530409755922288,0.9082399419085067,0.0,0.0,9.0,0.002199094900616031,0.0008080016345185424,0.007755251130795268,0.30546000038850374,0.101356823306245,0.0415573899792483,0.009734269176934141,0,1,12,2026-09-15,1,2026-09-27
drodro,Drodro,ituri,Ituri,15,7,0.5631819626656756,0.001875,0.36250601943713207,0.777997056192226,0.0,0.0,7.0,0.003469498460567307,0.0019173810895496994,0.005663823898356918,0.26122903294433114,0.0796740687632242,0.031415782724362164,0.007082240317296545,0,0,2,2026-09-04,0,2026-09-27
fataki,Fataki,ituri,Ituri,82,31,0.4132463456757407,0.00125,0.2309751399343861,0.7055723453909264,0.0,0.0,8.0,0.002740784265652192,0.0011448557651945958,0.007359314771592447,0.3018352975701708,0.09793934022085148,0.03975327987507968,0.009239934600458926,1,4,6,2026-09-25,1,2026-09-27
gety,Gety,ituri,Ituri,7,3,0.6149552073304005,0.003125,0.4056151614069729,0.8403365866968727,0.0,0.0,4.0499999999999545,0.0022653234647395247,0.0012508542421503328,0.0036080199513006533,0.1748980131036803,0.04973004639277507,0.019049471191066467,0.004158863846089472,0,0,1,2026-09-06,0,2026-09-27
kambala,Kambala,ituri,Ituri,2,0,0.6357103945819358,0.00625,0.428965432327154,0.8651140914873698,0.0,0.0,2.0,0.00122564826014445,0.0006650527945252801,0.0019663069918141383,0.09582085195749697,0.02568061828207203,0.009625209347619424,0.0020592359407930584,0,0,0,2026-06-30,0,2026-09-27
kilo,Kilo,ituri,Ituri,35,12,0.501607699951229,0.015,0.26391692929896926,0.8135004206595918,0.0,0.0,4.0,0.0011664535794583836,0.0004603864879817811,0.003704682785195126,0.1500389877243586,0.0429704245454997,0.016580103208567235,0.003672474613890081,1,2,3,2026-09-26,1,2026-09-27
komanda,Komanda,ituri,Ituri,167,101,0.567196547888543,0.058125,0.27752437112514394,1.0301219911433315,15.0,1.0,48.0,0.06279295463032825,0.02436904231331324,0.14679482373823013,0.9807841455550791,0.8582629185870836,0.6774553797810935,0.37660414340155995,20,32,89,2026-09-27,1,2026-09-27
lita,Lita,ituri,Ituri,283,141,0.42595152152434657,0.006875,0.1923666753258617,0.7613371956068232,8.0,0.0,34.0,0.023283642873873488,0.008715454285477323,0.05446259321017994,0.9144558225724261,0.6436619866782439,0.4090204464638382,0.1623111652418828,8,21,65,2026-09-26,1,2026-09-27
logo,Logo,ituri,Ituri,13,5,0.6305966784961705,0.008125,0.4184152833283588,0.8648984914596971,0.0,0.0,5.0,0.0017594313377521766,0.0009644164766185871,0.0028156844365374405,0.16924462945687463,0.04814044906966822,0.018488449106256216,0.004064477800463422,0,0,2,2026-09-04,0,2026-09-27
lolwa,Lolwa,ituri,Ituri,33,8,0.5293563404420518,0.054375,0.27094148992114947,1.0152289561059562,0.0,0.0,12.0,0.004161417319269272,0.0012417324701713209,0.014566901006493927,0.3758522861606408,0.1359522844356011,0.05854542076642178,0.014653287885391428,2,2,11,2026-09-24,1,2026-09-27
mahagi,Mahagi,ituri,Ituri,4,1,0.67193105286659,0.014375,0.4604977270633237,0.9136602686656679,0.0,0.0,3.0,0.001560471648582191,0.0008572547013667854,0.002465301455284473,0.12569885234910205,0.03449815387954487,0.013056102671309005,0.0028243114149424727,0,0,0,2026-07-27,0,2026-09-27
mambasa,Mambasa,ituri,Ituri,29,11,0.593103824018228,0.00625,0.39006986805480404,0.8277135737010072,0.0,0.0,8.0,0.004032785896111862,0.0023059893078900954,0.006831328456224221,0.3251603442147464,0.10473290372209859,0.04220276969261317,0.009710923092973995,8,12,12,2026-09-27,0,2026-09-27
mandima,Mandima,ituri,Ituri,120,67,1.5756792591355855,0.965625,1.0558997071081186,2.1572153232030984,68.0,23.0,140.0,0.4527365766358458,0.2273029972952798,0.6989872513940559,0.9999897640698826,0.9995800437339216,0.9969764611071006,0.9758244331055801,61,73,84,2026-09-27,1,2026-09-27
mangala,Mangala,ituri,Ituri,346,153,0.35643170467375074,0.00125,0.15789856856469092,0.6637768160548665,7.0,0.0,32.0,0.021334039554704885,0.008026500476375226,0.049680470757604935,0.9031300744122026,0.6228155658574377,0.3901961202894465,0.1519645914668923,9,33,100,2026-09-25,1,2026-09-27
mongbwalu,Mongbwalu,ituri,Ituri,698,328,0.49077114592968685,0.02375,0.2314742427673757,0.8832639680927736,15.0,2.0,48.049999999999955,0.05029095355506411,0.019867504196809084,0.11308809581521778,0.9813848848245621,0.8582137242259968,0.6748683323618367,0.3714575634628627,9,35,88,2026-09-27,1,2026-09-27
nia_nia,Nia-Nia,ituri,Ituri,293,159,0.8089927194541529,0.284375,0.40327429064889264,1.4603703320667387,27.5,6.0,74.04999999999995,0.1243887421940445,0.04809455195965966,0.29341963573121216,0.9977369575968861,0.9693716734068917,0.8960224719028383,0.6845628743137242,24,54,78,2026-09-27,1,2026-09-27
nizi,Nizi,ituri,Ituri,772,278,0.3486283599067293,0.00125,0.16571084693651889,0.6169034754371445,9.0,0.0,36.0,0.020289900299376704,0.00811441970681609,0.04597349407253311,0.9407751360021515,0.7055639936525979,0.4703354810555741,0.1982676487111233,16,40,110,2026-09-27,1,2026-09-27
nyankunde,Nyankunde,ituri,Ituri,128,37,0.544245641732148,0.0225,0.30500572322360964,0.9068235946379846,0.0,0.0,7.0,0.0025285843482087513,0.000991613422584261,0.007007208735760216,0.2590109072166547,0.0818550884030194,0.03299449643156297,0.007683245299760963,1,3,4,2026-09-27,1,2026-09-27
rimba,Rimba,ituri,Ituri,12,4,0.6460180057418798,0.00625,0.43260326387896536,0.8738688372511614,0.0,0.0,4.0,0.0017463612895850758,0.0009539300106647013,0.0027397844159721464,0.1626206164209863,0.04588131589884305,0.017521237264877577,0.0038117578825099074,0,1,2,2026-09-17,0,2026-09-27
rwampara,Rwampara,ituri,Ituri,1079,363,0.4506375267645052,0.01,0.22104588481686196,0.7817836514763215,18.0,3.0,55.0,0.035464682208465256,0.014207908449299096,0.08111007722853553,0.9931280724405427,0.9222949714179084,0.7803556946325787,0.48343422036094624,25,60,129,2026-09-27,1,2026-09-27
tchomia,Tchomia,ituri,Ituri,76,25,0.457129973367718,0.00875,0.22991323243446954,0.7979320838097768,0.0,0.0,13.0,0.004295558510965345,0.0015041274545807492,0.01195688040395629,0.48858096546844576,0.19067194694216966,0.08459278006759968,0.021793353275415903,1,5,19,2026-09-23,1,2026-09-27
beni,Beni,nord_kivu,Nord-Kivu,337,222,0.8912192102538005,0.263125,0.6187926510040159,1.198527981188187,66.0,27.950000000000003,125.0,0.6110989297788108,0.44111162963943334,0.7552892281037211,0.9999999848813634,0.9999913818507477,0.999647362483801,0.9888054391803809,56,109,199,2026-09-27,1,2026-09-27
biena,Biena,nord_kivu,Nord-Kivu,18,7,0.6518257771379784,0.02375,0.43817747945317914,0.9203217722267654,0.0,0.0,7.0,0.007699818627116739,0.004265418840247994,0.013749406465183302,0.40306454203774505,0.09706527024522234,0.027243774396444743,0.003335148971411556,0,1,17,2026-09-14,0,2026-09-27
butembo,Butembo,nord_kivu,Nord-Kivu,257,166,0.4376071843612301,0.00375,0.25988434559889856,0.7256153253607607,7.0,1.0,27.0,0.044999505139041135,0.022192202606990705,0.08572372761499651,0.9618562752844869,0.7053131125906836,0.41252676476989364,0.12276321723647525,5,18,92,2026-09-27,1,2026-09-27
goma,Goma,nord_kivu,Nord-Kivu,1,0,,,,,0.0,0.0,2.0,0.0014742027787961439,0.0007964256598584527,0.0029557893590047607,0.09566939226001284,0.01623415328407332,0.003945554592581177,0.0004185128472442771,0,0,0,2026-07-02,0,2026-09-27
kalunguta,Kalunguta,nord_kivu,Nord-Kivu,53,18,0.8340749327831425,0.245,0.5046322328514866,1.2796037902421775,10.0,1.0,32.0,0.06778169161818373,0.03166161995711744,0.14153482934949865,0.9715944366191174,0.7597637213223881,0.484411338595821,0.16855518435402211,6,23,37,2026-09-27,1,2026-09-27
katwa,Katwa,nord_kivu,Nord-Kivu,559,355,0.4123235229456322,0.001875,0.23434859219229023,0.6829332978980096,14.0,3.0,39.0,0.07661161243140668,0.03808383722826163,0.13886653586820083,0.9943305632494223,0.9022255682990157,0.6929822618604369,0.3174982558915952,15,36,169,2026-09-27,1,2026-09-27
kayna,Kayna,nord_kivu,Nord-Kivu,1,0,0.7205502771780499,0.040625,0.4984350470609934,0.9774002289994451,0.0,0.0,3.0,0.0030423652806516256,0.001678470400124363,0.005795763149728998,0.16252465779876804,0.029796883015274132,0.00747760801284161,0.0008202547109152394,0,0,1,2026-09-04,0,2026-09-27
kyondo,Kyondo,nord_kivu,Nord-Kivu,33,20,0.6287569978451761,0.0775,0.3567548693096624,1.0810875554256236,1.0,0.0,12.0,0.014502401612239358,0.006385943859237006,0.03948294999127206,0.6393516918152736,0.22964472238053918,0.08170142912118196,0.013468633822709243,1,3,17,2026-09-23,1,2026-09-27
lubero,Lubero,nord_kivu,Nord-Kivu,21,11,0.6590067236246557,0.026875,0.4421979055579151,0.9173648348534043,1.0,0.0,8.0,0.010493118762682992,0.00601858626649095,0.01808970412191939,0.4965049879690435,0.1349305742917393,0.04003919567800182,0.005204884465944006,1,6,20,2026-09-23,0,2026-09-27
mabalako,Mabalako,nord_kivu,Nord-Kivu,31,11,0.8809072868363237,0.339375,0.5105325224953592,1.4559706086060236,5.0,0.0,22.0,0.05227625426409472,0.02140423389094303,0.11961264500762718,0.9021903013820973,0.5542241264154234,0.2840600989245701,0.07354013298192892,7,12,26,2026-09-26,1,2026-09-27
manguredjipa,Manguredjipa,nord_kivu,Nord-Kivu,13,5,0.6205328377023535,0.015,0.40646503192093447,0.8829812777232092,0.0,0.0,7.0,0.00715463015333465,0.0033700632693196815,0.01373769114449234,0.3874829433989927,0.09225876443711954,0.025772030311852066,0.0031250720881837164,2,5,12,2026-09-22,0,2026-09-27
masereka,Masereka,nord_kivu,Nord-Kivu,28,9,0.6482949458010036,0.02,0.44158660008820994,0.9099909299561192,1.0,0.0,10.0,0.012978625187630101,0.00740461666983867,0.022019724007942616,0.6163339677032887,0.1978911893986101,0.06384593125764584,0.009105096539064505,3,8,19,2026-09-23,0,2026-09-27
musienene,Musienene,nord_kivu,Nord-Kivu,122,66,0.4501166332221088,0.014375,0.23989214076970083,0.7951149355501487,3.0,0.0,17.0,0.021678924778532577,0.0097874203077934,0.050516932207099685,0.8187083653162892,0.3968784367363189,0.16615111924525602,0.032035016365879514,1,6,43,2026-09-27,1,2026-09-27
mutwanga,Mutwanga,nord_kivu,Nord-Kivu,12,2,0.7396204658732425,0.05125,0.5046485824085725,1.0031224266836585,0.0,0.0,8.0,0.008841633772640703,0.00513326780216004,0.01602464406132213,0.4438979352149813,0.11331407815128784,0.03267527801859543,0.004135213029775337,3,6,11,2026-09-26,0,2026-09-27
oicha,Oicha,nord_kivu,Nord-Kivu,26,14,0.701375726460274,0.036875,0.4756601419476491,0.9647774030520633,1.0,0.0,12.0,0.016716837179686153,0.0100252648569153,0.02691461145821879,0.6542257251374041,0.2243363354724414,0.07493079149638507,0.011062317517524541,12,15,19,2026-09-27,0,2026-09-27
vuhovi,Vuhovi,nord_kivu,Nord-Kivu,29,8,0.6497851826843395,0.02,0.44040200248992234,0.9145190050447373,1.0,0.0,10.0,0.014768031279573358,0.008256528257098838,0.024505325050938002,0.654285066677991,0.22288363624119473,0.07404992754716556,0.010826726594935467,4,12,23,2026-09-23,0,2026-09-27
boma_mangbetu,Boma Mangbetu,haut_uele,Haut-Uele,39,17,0.8247191026750682,0.23375,0.5044090918725977,1.2533872795929737,2.0,0.0,10.049999999999955,0.08806019704376272,0.04007760466414357,0.18518142023399264,0.8276568705118418,0.2659600971214821,0.06181826193458317,0.004305958994460745,3,7,12,2026-09-23,1,2026-09-27
dungu,Dungu,haut_uele,Haut-Uele,1,1,,,,,0.0,0.0,1.0,0.004684509708892014,0.0024705886092985917,0.009205871649426465,0.10426388115765585,0.0036676040313991963,0.0002166299613990015,2.636929205976982e-6,0,1,1,2026-09-18,0,2026-09-27
gombari,Gombari,haut_uele,Haut-Uele,3,1,,,,,0.0,0.0,1.0,0.0046578263049668325,0.002167408577124914,0.010376475892437774,0.11711374321237741,0.004355043286864102,0.0002807859060290841,5.134933489823953e-6,0,0,0,2026-08-22,0,2026-09-27
isiro,Isiro,haut_uele,Haut-Uele,101,43,0.5153462048076521,0.02,0.27651484460350095,0.8848658995821931,3.0,0.0,11.0,0.07461998025466272,0.03009641189929282,0.1655534224108671,0.8308910504359224,0.28164553832718103,0.0678937406201038,0.004844579129976221,2,4,20,2026-09-27,1,2026-09-27
pawa,Pawa,haut_uele,Haut-Uele,80,37,0.955745369013175,0.41625,0.6025178929118955,1.3712164885384603,13.0,3.0,34.0,0.5350961894188476,0.34299330824417035,0.7224737774179788,0.9967766190920322,0.9110956627058752,0.6803713209369323,0.2725304016296673,12,22,47,2026-09-27,1,2026-09-27
rungu,Rungu,haut_uele,Haut-Uele,2,1,,,,,0.0,0.0,2.0,0.008283368375760481,0.0043655055282001845,0.01512502835457841,0.17119725976925074,0.007336924100475536,0.0004883287431644485,8.081164098655558e-6,0,0,1,2026-09-02,0,2026-09-27
wamba,Wamba,haut_uele,Haut-Uele,109,40,0.810698479101049,0.2275,0.4605892359717661,1.2474086704449867,8.0,1.0,23.0,0.254079426338942,0.11577897875807608,0.45796754904265535,0.9845347979351894,0.7559648528057318,0.422589865040546,0.0991882726467785,7,20,32,2026-09-26,1,2026-09-27
miti_murhesa,Miti-Murhesa,sud_kivu,Other provinces,3,1,,,,,0.0,0.0,2.0,0.03151128077356351,0.011143473809099342,0.07089359922161342,0.26480278795562673,0.0059673345851521545,0.00016508440112813542,6.255867153055761e-7,0,0,0,2026-06-01,0,2026-09-27
bafwasende,Bafwasende,tshopo,Other provinces,7,1,1.0699689757743078,0.625625,0.7690187728285529,1.4245417347008225,0.0,0.0,4.0,0.06605271187113002,0.02751400791147967,0.14830389549626588,0.48033350035024264,0.031469063470715236,0.002449996428841208,6.381479930121163e-5,0,0,5,2026-09-12,0,2026-09-27
kabondo,Kabondo,tshopo,Other provinces,5,1,1.0820083568527743,0.645625,0.7803077455057783,1.4516423096721225,0.0,0.0,4.0,0.07071213690932893,0.03536649995897376,0.13812031181168793,0.4806296585887614,0.02839486782772557,0.0016458291732340425,8.702408858547798e-6,0,1,2,2026-09-18,0,2026-09-27
lubunga,Lubunga,tshopo,Other provinces,1,0,,,,,0.0,0.0,2.0,0.04033452015795352,0.020636990015400886,0.07489687155584071,0.2971845660005842,0.007386284121763021,0.00021954358664770586,1.1245125803770185e-6,0,0,0,2026-07-11,0,2026-09-27
makiso_kisangani,Makiso-Kisangani,tshopo,Other provinces,23,10,1.115953995308283,0.68375,0.789848706507297,1.4913680439665336,4.0,0.0,14.0,0.43067293939754103,0.3082180003616983,0.5765763052292889,0.9370661828701604,0.4588641041355118,0.13856578527651406,0.012091809231728274,3,13,14,2026-09-23,0,2026-09-27
mangobo,Mangobo,tshopo,Other provinces,5,3,1.1088836645356284,0.685625,0.7874218678302672,1.477859758098548,1.0,0.0,4.0,0.09708287925648007,0.05539332816836756,0.17048402705162075,0.5562822295505377,0.04365219322746422,0.003033001659343692,5.6045004196636565e-5,1,1,3,2026-09-21,0,2026-09-27
tshopo,Tshopo,tshopo,Other provinces,1,0,,,,,0.0,0.0,2.0,0.02648620911336392,0.012485665608682375,0.053816218075128444,0.22484790917744968,0.003728987555658399,9.402118442192874e-5,4.807144783063044e-7,0,0,0,2026-08-13,0,2026-09-27
wanie_rukula,Wanie-Rukula,tshopo,Other provinces,1,1,,,,,0.0,0.0,2.0,0.024823254690540277,0.011351451701089095,0.055592784247056305,0.2181050119462132,0.0037794909612355325,0.0001019215444332118,4.0094842436930176e-7,0,0,0,2026-08-01,0,2026-09-27
buta,Buta,bas_uele,Other provinces,1,1,,,,,0.0,0.0,2.0,0.02596878693794069,0.010236066554334932,0.05990357307746701,0.22169326165528283,0.004651224261360465,0.00016314999774932226,6.771521875025694e-7,0,0,0,2026-08-12,0,2026-09-27
ganga,Ganga,bas_uele,Other provinces,3,2,,,,,0.0,0.0,2.0,0.042498125693405525,0.01721727119971542,0.09679857190049952,0.3369986134344039,0.012097179143944585,0.0007217859677727448,9.773289503584443e-6,0,0,1,2026-09-11,0,2026-09-27
viadana,Viadana,bas_uele,Other provinces,6,1,1.0477531692743263,0.58625,0.7566092364168252,1.3996343014890904,0.0,0.0,3.0,0.06268798219178714,0.027142773101672794,0.14314621070032357,0.46242218021417186,0.02666278786324602,0.0016198575317771296,1.4706541011271779e-5,3,5,5,2026-09-26,0,2026-09-27
bulu,Bulu,sud_ubangi,Other provinces,2,1,,,,,0.0,0.0,2.0,0.02139077269263729,0.006330091733218138,0.06496853953252608,0.21363710939661637,0.004392966917245336,0.00015329057158945358,3.641306514316073e-7,1,1,2,2026-09-22,0,2026-09-27
