area,date,median,lower_90,upper_90,lower_50,upper_50,series,count
Ituri,2026-03-29,1.821,1.372,2.379,1.639,2.026,rt,
Ituri,2026-03-30,1.819,1.371,2.375,1.637,2.023,rt,
Ituri,2026-03-31,1.817,1.369,2.37,1.636,2.02,rt,
Ituri,2026-04-01,1.815,1.368,2.366,1.635,2.017,rt,
Ituri,2026-04-02,1.813,1.366,2.362,1.633,2.012,rt,
Ituri,2026-04-03,1.81,1.364,2.359,1.63,2.009,rt,
Ituri,2026-04-04,1.808,1.361,2.353,1.627,2.006,rt,
Ituri,2026-04-05,1.805,1.358,2.349,1.624,2.003,rt,
Ituri,2026-04-06,1.802,1.358,2.343,1.621,2.0,rt,
Ituri,2026-04-07,1.798,1.357,2.338,1.618,1.996,rt,
Ituri,2026-04-08,1.794,1.357,2.332,1.615,1.992,rt,
Ituri,2026-04-09,1.792,1.354,2.327,1.612,1.99,rt,
Ituri,2026-04-10,1.789,1.353,2.321,1.609,1.985,rt,
Ituri,2026-04-11,1.785,1.352,2.315,1.606,1.98,rt,
Ituri,2026-04-12,1.782,1.35,2.313,1.603,1.976,rt,
Ituri,2026-04-13,1.779,1.347,2.309,1.6,1.971,rt,
Ituri,2026-04-14,1.776,1.346,2.3,1.597,1.966,rt,
Ituri,2026-04-15,1.774,1.345,2.294,1.595,1.961,rt,
Ituri,2026-04-16,1.769,1.343,2.287,1.593,1.956,rt,
Ituri,2026-04-17,1.764,1.34,2.281,1.588,1.954,rt,
Ituri,2026-04-18,1.759,1.337,2.272,1.584,1.95,rt,
Ituri,2026-04-19,1.754,1.335,2.264,1.579,1.944,rt,
Ituri,2026-04-20,1.79,1.386,2.279,1.618,1.968,rt,
Ituri,2026-04-21,1.821,1.434,2.294,1.657,1.996,rt,
Ituri,2026-04-22,1.857,1.487,2.317,1.692,2.022,rt,
Ituri,2026-04-23,1.897,1.524,2.356,1.724,2.056,rt,
Ituri,2026-04-24,1.928,1.546,2.395,1.756,2.099,rt,
Ituri,2026-04-25,1.966,1.568,2.459,1.784,2.15,rt,
Ituri,2026-04-26,2.003,1.586,2.517,1.81,2.199,rt,
Ituri,2026-04-27,2.03,1.635,2.521,1.847,2.225,rt,
Ituri,2026-04-28,2.058,1.679,2.53,1.884,2.251,rt,
Ituri,2026-04-29,2.085,1.724,2.555,1.916,2.28,rt,
Ituri,2026-04-30,2.117,1.754,2.585,1.948,2.308,rt,
Ituri,2026-05-01,2.149,1.779,2.638,1.977,2.347,rt,
Ituri,2026-05-02,2.183,1.798,2.698,2.001,2.383,rt,
Ituri,2026-05-03,2.21,1.811,2.777,2.024,2.427,rt,
Ituri,2026-05-04,2.236,1.847,2.799,2.062,2.448,rt,
Ituri,2026-05-05,2.27,1.874,2.833,2.091,2.469,rt,
Ituri,2026-05-06,2.295,1.908,2.863,2.114,2.505,rt,
Ituri,2026-05-07,2.321,1.925,2.92,2.138,2.544,rt,
Ituri,2026-05-08,2.352,1.939,2.992,2.157,2.582,rt,
Ituri,2026-05-09,2.381,1.945,3.056,2.175,2.633,rt,
Ituri,2026-05-10,2.411,1.956,3.168,2.187,2.679,rt,
Ituri,2026-05-11,2.361,1.942,3.007,2.158,2.593,rt,
Ituri,2026-05-12,2.309,1.924,2.889,2.122,2.517,rt,
Ituri,2026-05-13,2.261,1.908,2.782,2.09,2.45,rt,
Ituri,2026-05-14,2.208,1.875,2.684,2.05,2.389,rt,
Ituri,2026-05-15,2.159,1.843,2.608,2.005,2.336,rt,
Ituri,2026-05-16,2.113,1.787,2.551,1.962,2.283,rt,
Ituri,2026-05-17,2.066,1.737,2.52,1.913,2.232,rt,
Ituri,2026-05-18,2.028,1.729,2.424,1.889,2.173,rt,
Ituri,2026-05-19,1.99,1.716,2.344,1.863,2.118,rt,
Ituri,2026-05-20,1.952,1.698,2.27,1.837,2.069,rt,
Ituri,2026-05-21,1.912,1.672,2.218,1.803,2.026,rt,
Ituri,2026-05-22,1.873,1.641,2.164,1.771,1.985,rt,
Ituri,2026-05-23,1.837,1.601,2.124,1.736,1.95,rt,
Ituri,2026-05-24,1.802,1.557,2.1,1.701,1.923,rt,
Ituri,2026-05-25,1.76,1.545,2.023,1.672,1.869,rt,
Ituri,2026-05-26,1.721,1.526,1.96,1.639,1.821,rt,
Ituri,2026-05-27,1.683,1.5,1.901,1.605,1.775,rt,
Ituri,2026-05-28,1.645,1.471,1.855,1.571,1.734,rt,
Ituri,2026-05-29,1.612,1.431,1.82,1.535,1.694,rt,
Ituri,2026-05-30,1.577,1.391,1.797,1.497,1.66,rt,
Ituri,2026-05-31,1.543,1.349,1.768,1.462,1.63,rt,
Ituri,2026-06-01,1.519,1.347,1.71,1.446,1.595,rt,
Ituri,2026-06-02,1.495,1.349,1.657,1.433,1.562,rt,
Ituri,2026-06-03,1.471,1.338,1.614,1.416,1.529,rt,
Ituri,2026-06-04,1.449,1.321,1.585,1.397,1.502,rt,
Ituri,2026-06-05,1.427,1.297,1.561,1.374,1.48,rt,
Ituri,2026-06-06,1.405,1.267,1.542,1.35,1.461,rt,
Ituri,2026-06-07,1.382,1.235,1.535,1.323,1.444,rt,
Ituri,2026-06-08,1.365,1.237,1.493,1.313,1.418,rt,
Ituri,2026-06-09,1.347,1.234,1.466,1.302,1.393,rt,
Ituri,2026-06-10,1.328,1.234,1.443,1.29,1.371,rt,
Ituri,2026-06-11,1.311,1.217,1.428,1.272,1.353,rt,
Ituri,2026-06-12,1.295,1.197,1.413,1.254,1.34,rt,
Ituri,2026-06-13,1.281,1.169,1.413,1.233,1.329,rt,
Ituri,2026-06-14,1.266,1.139,1.412,1.213,1.319,rt,
Ituri,2026-06-15,1.255,1.152,1.373,1.211,1.3,rt,
Ituri,2026-06-16,1.246,1.156,1.343,1.208,1.285,rt,
Ituri,2026-06-17,1.236,1.157,1.321,1.203,1.27,rt,
Ituri,2026-06-18,1.227,1.149,1.309,1.194,1.259,rt,
Ituri,2026-06-19,1.218,1.134,1.306,1.183,1.253,rt,
Ituri,2026-06-20,1.21,1.11,1.31,1.169,1.248,rt,
Ituri,2026-06-21,1.203,1.086,1.318,1.153,1.246,rt,
Ituri,2026-06-22,1.21,1.113,1.309,1.17,1.248,rt,
Ituri,2026-06-23,1.216,1.138,1.301,1.185,1.25,rt,
Ituri,2026-06-24,1.226,1.154,1.301,1.197,1.257,rt,
Ituri,2026-06-25,1.236,1.164,1.316,1.204,1.266,rt,
Ituri,2026-06-26,1.245,1.164,1.338,1.209,1.281,rt,
Ituri,2026-06-27,1.253,1.156,1.37,1.213,1.298,rt,
Ituri,2026-06-28,1.262,1.145,1.403,1.211,1.316,rt,
Ituri,2026-06-29,1.246,1.148,1.364,1.205,1.292,rt,
Ituri,2026-06-30,1.233,1.147,1.331,1.195,1.27,rt,
Ituri,2026-07-01,1.216,1.142,1.304,1.184,1.249,rt,
Ituri,2026-07-02,1.201,1.13,1.282,1.171,1.232,rt,
Ituri,2026-07-03,1.187,1.107,1.274,1.153,1.22,rt,
Ituri,2026-07-04,1.173,1.08,1.269,1.134,1.209,rt,
Ituri,2026-07-05,1.159,1.051,1.271,1.113,1.202,rt,
Ituri,2026-07-06,1.152,1.061,1.244,1.113,1.187,rt,
Ituri,2026-07-07,1.143,1.067,1.223,1.111,1.176,rt,
Ituri,2026-07-08,1.137,1.069,1.21,1.108,1.166,rt,
Ituri,2026-07-09,1.131,1.062,1.201,1.101,1.157,rt,
Ituri,2026-07-10,1.124,1.05,1.2,1.093,1.155,rt,
Ituri,2026-07-11,1.117,1.03,1.205,1.082,1.153,rt,
Ituri,2026-07-12,1.11,1.009,1.216,1.07,1.155,rt,
Ituri,2026-07-13,1.098,1.014,1.185,1.064,1.136,rt,
Ituri,2026-07-14,1.086,1.015,1.161,1.056,1.119,rt,
Ituri,2026-07-15,1.074,1.009,1.142,1.046,1.103,rt,
Ituri,2026-07-16,1.062,0.996,1.133,1.036,1.092,rt,
Ituri,2026-07-17,1.051,0.977,1.13,1.022,1.084,rt,
Ituri,2026-07-18,1.041,0.953,1.131,1.006,1.077,rt,
Ituri,2026-07-19,1.029,0.927,1.136,0.991,1.072,rt,
Ituri,2026-07-20,1.021,0.936,1.11,0.987,1.057,rt,
Ituri,2026-07-21,1.013,0.938,1.091,0.982,1.043,rt,
Ituri,2026-07-22,1.004,0.934,1.079,0.975,1.031,rt,
Ituri,2026-07-23,0.995,0.924,1.069,0.966,1.023,rt,
Ituri,2026-07-24,0.987,0.909,1.069,0.957,1.018,rt,
Ituri,2026-07-25,0.979,0.89,1.072,0.944,1.014,rt,
Ituri,2026-07-26,0.972,0.869,1.078,0.929,1.012,rt,
Ituri,2026-07-27,0.97,0.877,1.062,0.934,1.003,rt,
Ituri,2026-07-28,0.966,0.883,1.047,0.936,0.997,rt,
Ituri,2026-07-29,0.965,0.886,1.038,0.935,0.994,rt,
Ituri,2026-07-30,0.962,0.881,1.033,0.93,0.992,rt,
Ituri,2026-07-31,0.96,0.872,1.041,0.925,0.992,rt,
Ituri,2026-08-01,0.957,0.86,1.053,0.918,0.995,rt,
Ituri,2026-08-02,0.953,0.843,1.067,0.909,1.0,rt,
Ituri,2026-08-03,0.949,0.852,1.047,0.909,0.99,rt,
Ituri,2026-08-04,0.945,0.86,1.03,0.91,0.979,rt,
Ituri,2026-08-05,0.942,0.863,1.018,0.91,0.972,rt,
Ituri,2026-08-06,0.937,0.857,1.012,0.906,0.968,rt,
Ituri,2026-08-07,0.932,0.849,1.017,0.899,0.967,rt,
Ituri,2026-08-08,0.927,0.837,1.029,0.891,0.968,rt,
Ituri,2026-08-09,0.922,0.821,1.042,0.881,0.969,rt,
Ituri,2026-08-10,0.912,0.822,1.012,0.876,0.952,rt,
Ituri,2026-08-11,0.901,0.82,0.987,0.868,0.936,rt,
Ituri,2026-08-12,0.891,0.813,0.966,0.861,0.923,rt,
Ituri,2026-08-13,0.88,0.803,0.955,0.852,0.912,rt,
Ituri,2026-08-14,0.871,0.787,0.949,0.838,0.903,rt,
Ituri,2026-08-15,0.861,0.769,0.946,0.823,0.896,rt,
Ituri,2026-08-16,0.85,0.749,0.948,0.808,0.891,rt,
Ituri,2026-08-17,0.848,0.756,0.936,0.811,0.885,rt,
Ituri,2026-08-18,0.848,0.76,0.926,0.813,0.881,rt,
Ituri,2026-08-19,0.845,0.762,0.922,0.812,0.877,rt,
Ituri,2026-08-20,0.844,0.76,0.923,0.809,0.878,rt,
Ituri,2026-08-21,0.843,0.749,0.929,0.806,0.88,rt,
Ituri,2026-08-22,0.842,0.738,0.942,0.8,0.883,rt,
Ituri,2026-08-23,0.841,0.725,0.952,0.795,0.888,rt,
Ituri,2026-08-24,0.851,0.747,0.949,0.81,0.894,rt,
Ituri,2026-08-25,0.862,0.766,0.949,0.823,0.899,rt,
Ituri,2026-08-26,0.873,0.784,0.953,0.836,0.907,rt,
Ituri,2026-08-27,0.883,0.794,0.965,0.848,0.918,rt,
Ituri,2026-08-28,0.893,0.8,0.983,0.858,0.93,rt,
Ituri,2026-08-29,0.905,0.803,1.008,0.865,0.943,rt,
Ituri,2026-08-30,0.916,0.803,1.036,0.87,0.961,rt,
Ituri,2026-08-31,0.919,0.819,1.025,0.879,0.958,rt,
Ituri,2026-09-01,0.921,0.832,1.014,0.884,0.959,rt,
Ituri,2026-09-02,0.925,0.836,1.013,0.889,0.961,rt,
Ituri,2026-09-03,0.927,0.839,1.018,0.891,0.964,rt,
Ituri,2026-09-04,0.93,0.835,1.032,0.892,0.969,rt,
Ituri,2026-09-05,0.933,0.826,1.052,0.89,0.977,rt,
Ituri,2026-09-06,0.935,0.817,1.071,0.887,0.986,rt,
Ituri,2026-09-07,0.928,0.824,1.046,0.886,0.974,rt,
Ituri,2026-09-08,0.92,0.827,1.025,0.882,0.96,rt,
Ituri,2026-09-09,0.912,0.828,1.011,0.876,0.95,rt,
Ituri,2026-09-10,0.904,0.822,1.002,0.869,0.944,rt,
Ituri,2026-09-11,0.897,0.811,0.999,0.858,0.939,rt,
Ituri,2026-09-12,0.891,0.795,1.005,0.847,0.934,rt,
Ituri,2026-09-13,0.883,0.775,1.007,0.835,0.935,rt,
Ituri,2026-09-14,0.88,0.777,0.995,0.836,0.927,rt,
Ituri,2026-09-15,0.876,0.777,0.988,0.836,0.922,rt,
Ituri,2026-09-16,0.873,0.772,0.985,0.83,0.918,rt,
Ituri,2026-09-17,0.871,0.762,0.987,0.825,0.917,rt,
Ituri,2026-09-18,0.868,0.751,0.998,0.818,0.92,rt,
Ituri,2026-09-19,0.867,0.736,1.008,0.81,0.922,rt,
Ituri,2026-09-20,0.865,0.718,1.02,0.803,0.924,rt,
Ituri,2026-09-21,0.87,0.727,1.019,0.81,0.93,rt,
Ituri,2026-09-22,0.876,0.732,1.028,0.815,0.939,rt,
Ituri,2026-09-23,0.883,0.728,1.044,0.819,0.946,rt,
Ituri,2026-09-24,0.887,0.724,1.065,0.821,0.957,rt,
Ituri,2026-09-25,0.891,0.716,1.094,0.823,0.971,rt,
Ituri,2026-09-26,0.896,0.706,1.126,0.823,0.988,rt,
Ituri,2026-09-27,0.904,0.693,1.158,0.822,1.005,rt,
Ituri,2026-09-28,0.907,0.695,1.165,0.823,1.008,rt,
Ituri,2026-09-29,0.91,0.691,1.177,0.822,1.011,rt,
Ituri,2026-09-30,0.912,0.684,1.194,0.82,1.019,rt,
Ituri,2026-10-01,0.917,0.673,1.223,0.815,1.026,rt,
Ituri,2026-10-02,0.919,0.664,1.254,0.814,1.032,rt,
Ituri,2026-10-03,0.921,0.654,1.292,0.812,1.04,rt,
Ituri,2026-10-04,0.925,0.641,1.323,0.807,1.05,rt,
Ituri,2026-10-05,0.924,0.641,1.32,0.807,1.052,rt,
Ituri,2026-10-06,0.922,0.611,1.369,0.801,1.073,rt,
Nord-Kivu,2026-03-29,3.381,1.97,5.393,2.699,4.075,rt,
Nord-Kivu,2026-03-30,3.378,1.967,5.387,2.694,4.069,rt,
Nord-Kivu,2026-03-31,3.372,1.962,5.372,2.691,4.065,rt,
Nord-Kivu,2026-04-01,3.367,1.958,5.363,2.689,4.057,rt,
Nord-Kivu,2026-04-02,3.358,1.955,5.355,2.686,4.05,rt,
Nord-Kivu,2026-04-03,3.348,1.952,5.351,2.684,4.047,rt,
Nord-Kivu,2026-04-04,3.342,1.95,5.35,2.683,4.043,rt,
Nord-Kivu,2026-04-05,3.336,1.948,5.348,2.678,4.039,rt,
Nord-Kivu,2026-04-06,3.33,1.946,5.343,2.672,4.031,rt,
Nord-Kivu,2026-04-07,3.321,1.943,5.325,2.669,4.016,rt,
Nord-Kivu,2026-04-08,3.316,1.941,5.306,2.663,4.008,rt,
Nord-Kivu,2026-04-09,3.308,1.936,5.294,2.659,3.997,rt,
Nord-Kivu,2026-04-10,3.302,1.932,5.278,2.656,3.99,rt,
Nord-Kivu,2026-04-11,3.296,1.928,5.264,2.65,3.987,rt,
Nord-Kivu,2026-04-12,3.289,1.924,5.245,2.645,3.976,rt,
Nord-Kivu,2026-04-13,3.283,1.92,5.229,2.641,3.97,rt,
Nord-Kivu,2026-04-14,3.277,1.916,5.218,2.634,3.964,rt,
Nord-Kivu,2026-04-15,3.272,1.912,5.207,2.628,3.958,rt,
Nord-Kivu,2026-04-16,3.266,1.906,5.196,2.622,3.952,rt,
Nord-Kivu,2026-04-17,3.26,1.9,5.184,2.617,3.944,rt,
Nord-Kivu,2026-04-18,3.253,1.896,5.174,2.613,3.938,rt,
Nord-Kivu,2026-04-19,3.245,1.888,5.169,2.605,3.927,rt,
Nord-Kivu,2026-04-20,3.297,1.995,5.117,2.683,3.954,rt,
Nord-Kivu,2026-04-21,3.369,2.095,5.106,2.768,3.994,rt,
Nord-Kivu,2026-04-22,3.43,2.181,5.13,2.845,4.037,rt,
Nord-Kivu,2026-04-23,3.473,2.259,5.136,2.925,4.088,rt,
Nord-Kivu,2026-04-24,3.538,2.355,5.17,3.002,4.139,rt,
Nord-Kivu,2026-04-25,3.598,2.408,5.217,3.091,4.211,rt,
Nord-Kivu,2026-04-26,3.678,2.462,5.377,3.153,4.289,rt,
Nord-Kivu,2026-04-27,3.703,2.553,5.349,3.22,4.305,rt,
Nord-Kivu,2026-04-28,3.76,2.634,5.355,3.28,4.345,rt,
Nord-Kivu,2026-04-29,3.817,2.717,5.403,3.329,4.367,rt,
Nord-Kivu,2026-04-30,3.856,2.788,5.472,3.375,4.422,rt,
Nord-Kivu,2026-05-01,3.914,2.833,5.578,3.406,4.478,rt,
Nord-Kivu,2026-05-02,3.965,2.862,5.704,3.435,4.543,rt,
Nord-Kivu,2026-05-03,3.997,2.874,5.884,3.476,4.635,rt,
Nord-Kivu,2026-05-04,4.02,2.922,5.803,3.515,4.654,rt,
Nord-Kivu,2026-05-05,4.039,2.956,5.844,3.534,4.668,rt,
Nord-Kivu,2026-05-06,4.048,2.967,5.913,3.548,4.684,rt,
Nord-Kivu,2026-05-07,4.06,2.948,6.045,3.55,4.725,rt,
Nord-Kivu,2026-05-08,4.085,2.956,6.143,3.549,4.773,rt,
Nord-Kivu,2026-05-09,4.101,2.936,6.368,3.527,4.841,rt,
Nord-Kivu,2026-05-10,4.109,2.908,6.523,3.518,4.895,rt,
Nord-Kivu,2026-05-11,4.014,2.871,6.199,3.464,4.764,rt,
Nord-Kivu,2026-05-12,3.938,2.81,5.982,3.399,4.638,rt,
Nord-Kivu,2026-05-13,3.859,2.775,5.77,3.328,4.512,rt,
Nord-Kivu,2026-05-14,3.766,2.71,5.61,3.254,4.383,rt,
Nord-Kivu,2026-05-15,3.677,2.628,5.47,3.179,4.294,rt,
Nord-Kivu,2026-05-16,3.588,2.545,5.438,3.102,4.215,rt,
Nord-Kivu,2026-05-17,3.485,2.442,5.366,3.01,4.155,rt,
Nord-Kivu,2026-05-18,3.409,2.42,5.15,2.971,4.014,rt,
Nord-Kivu,2026-05-19,3.323,2.399,4.978,2.916,3.881,rt,
Nord-Kivu,2026-05-20,3.249,2.381,4.811,2.857,3.755,rt,
Nord-Kivu,2026-05-21,3.175,2.334,4.695,2.796,3.648,rt,
Nord-Kivu,2026-05-22,3.091,2.273,4.614,2.728,3.555,rt,
Nord-Kivu,2026-05-23,3.02,2.21,4.514,2.657,3.474,rt,
Nord-Kivu,2026-05-24,2.936,2.141,4.446,2.585,3.402,rt,
Nord-Kivu,2026-05-25,2.856,2.107,4.203,2.523,3.27,rt,
Nord-Kivu,2026-05-26,2.778,2.07,4.051,2.468,3.157,rt,
Nord-Kivu,2026-05-27,2.69,2.015,3.886,2.394,3.05,rt,
Nord-Kivu,2026-05-28,2.599,1.963,3.725,2.327,2.951,rt,
Nord-Kivu,2026-05-29,2.524,1.894,3.574,2.252,2.868,rt,
Nord-Kivu,2026-05-30,2.451,1.819,3.471,2.173,2.779,rt,
Nord-Kivu,2026-05-31,2.364,1.755,3.384,2.104,2.718,rt,
Nord-Kivu,2026-06-01,2.305,1.731,3.201,2.058,2.613,rt,
Nord-Kivu,2026-06-02,2.239,1.711,3.031,2.013,2.513,rt,
Nord-Kivu,2026-06-03,2.174,1.684,2.887,1.956,2.431,rt,
Nord-Kivu,2026-06-04,2.113,1.646,2.783,1.904,2.347,rt,
Nord-Kivu,2026-06-05,2.046,1.605,2.69,1.85,2.274,rt,
Nord-Kivu,2026-06-06,1.983,1.56,2.64,1.795,2.213,rt,
Nord-Kivu,2026-06-07,1.928,1.493,2.594,1.736,2.145,rt,
Nord-Kivu,2026-06-08,1.878,1.489,2.475,1.705,2.089,rt,
Nord-Kivu,2026-06-09,1.832,1.461,2.379,1.665,2.029,rt,
Nord-Kivu,2026-06-10,1.79,1.439,2.296,1.632,1.974,rt,
Nord-Kivu,2026-06-11,1.748,1.405,2.224,1.595,1.919,rt,
Nord-Kivu,2026-06-12,1.704,1.369,2.175,1.555,1.88,rt,
Nord-Kivu,2026-06-13,1.66,1.32,2.15,1.514,1.838,rt,
Nord-Kivu,2026-06-14,1.622,1.271,2.13,1.47,1.8,rt,
Nord-Kivu,2026-06-15,1.593,1.279,2.053,1.46,1.757,rt,
Nord-Kivu,2026-06-16,1.572,1.283,1.998,1.442,1.716,rt,
Nord-Kivu,2026-06-17,1.549,1.278,1.932,1.423,1.683,rt,
Nord-Kivu,2026-06-18,1.522,1.262,1.882,1.406,1.65,rt,
Nord-Kivu,2026-06-19,1.5,1.238,1.843,1.389,1.625,rt,
Nord-Kivu,2026-06-20,1.477,1.209,1.817,1.365,1.604,rt,
Nord-Kivu,2026-06-21,1.458,1.169,1.804,1.338,1.592,rt,
Nord-Kivu,2026-06-22,1.459,1.202,1.771,1.351,1.576,rt,
Nord-Kivu,2026-06-23,1.459,1.223,1.745,1.361,1.567,rt,
Nord-Kivu,2026-06-24,1.462,1.24,1.73,1.367,1.564,rt,
Nord-Kivu,2026-06-25,1.464,1.242,1.734,1.37,1.566,rt,
Nord-Kivu,2026-06-26,1.468,1.239,1.743,1.374,1.571,rt,
Nord-Kivu,2026-06-27,1.468,1.225,1.761,1.372,1.58,rt,
Nord-Kivu,2026-06-28,1.471,1.206,1.791,1.364,1.594,rt,
Nord-Kivu,2026-06-29,1.456,1.217,1.737,1.359,1.563,rt,
Nord-Kivu,2026-06-30,1.442,1.223,1.688,1.354,1.539,rt,
Nord-Kivu,2026-07-01,1.428,1.227,1.654,1.347,1.516,rt,
Nord-Kivu,2026-07-02,1.415,1.218,1.627,1.332,1.497,rt,
Nord-Kivu,2026-07-03,1.398,1.204,1.62,1.316,1.485,rt,
Nord-Kivu,2026-07-04,1.382,1.176,1.625,1.297,1.476,rt,
Nord-Kivu,2026-07-05,1.37,1.146,1.636,1.275,1.472,rt,
Nord-Kivu,2026-07-06,1.363,1.161,1.602,1.281,1.454,rt,
Nord-Kivu,2026-07-07,1.36,1.178,1.575,1.282,1.441,rt,
Nord-Kivu,2026-07-08,1.353,1.189,1.563,1.284,1.431,rt,
Nord-Kivu,2026-07-09,1.349,1.191,1.55,1.281,1.424,rt,
Nord-Kivu,2026-07-10,1.346,1.177,1.556,1.273,1.424,rt,
Nord-Kivu,2026-07-11,1.341,1.154,1.581,1.263,1.426,rt,
Nord-Kivu,2026-07-12,1.335,1.127,1.609,1.25,1.432,rt,
Nord-Kivu,2026-07-13,1.329,1.141,1.565,1.253,1.412,rt,
Nord-Kivu,2026-07-14,1.322,1.155,1.527,1.25,1.394,rt,
Nord-Kivu,2026-07-15,1.315,1.16,1.502,1.247,1.384,rt,
Nord-Kivu,2026-07-16,1.305,1.154,1.492,1.239,1.374,rt,
Nord-Kivu,2026-07-17,1.297,1.141,1.491,1.229,1.369,rt,
Nord-Kivu,2026-07-18,1.289,1.117,1.498,1.216,1.369,rt,
Nord-Kivu,2026-07-19,1.28,1.091,1.517,1.201,1.37,rt,
Nord-Kivu,2026-07-20,1.271,1.103,1.478,1.199,1.349,rt,
Nord-Kivu,2026-07-21,1.264,1.108,1.446,1.196,1.331,rt,
Nord-Kivu,2026-07-22,1.254,1.108,1.424,1.19,1.319,rt,
Nord-Kivu,2026-07-23,1.247,1.103,1.419,1.183,1.309,rt,
Nord-Kivu,2026-07-24,1.238,1.086,1.424,1.171,1.307,rt,
Nord-Kivu,2026-07-25,1.227,1.059,1.432,1.155,1.309,rt,
Nord-Kivu,2026-07-26,1.218,1.03,1.445,1.137,1.31,rt,
Nord-Kivu,2026-07-27,1.22,1.053,1.417,1.149,1.298,rt,
Nord-Kivu,2026-07-28,1.22,1.067,1.394,1.156,1.289,rt,
Nord-Kivu,2026-07-29,1.222,1.075,1.379,1.161,1.286,rt,
Nord-Kivu,2026-07-30,1.22,1.072,1.379,1.159,1.287,rt,
Nord-Kivu,2026-07-31,1.222,1.063,1.393,1.158,1.29,rt,
Nord-Kivu,2026-08-01,1.223,1.045,1.411,1.147,1.298,rt,
Nord-Kivu,2026-08-02,1.221,1.021,1.443,1.138,1.311,rt,
Nord-Kivu,2026-08-03,1.223,1.045,1.419,1.149,1.307,rt,
Nord-Kivu,2026-08-04,1.226,1.066,1.405,1.158,1.302,rt,
Nord-Kivu,2026-08-05,1.23,1.08,1.403,1.167,1.299,rt,
Nord-Kivu,2026-08-06,1.233,1.081,1.409,1.172,1.3,rt,
Nord-Kivu,2026-08-07,1.237,1.077,1.419,1.172,1.302,rt,
Nord-Kivu,2026-08-08,1.241,1.07,1.452,1.167,1.315,rt,
Nord-Kivu,2026-08-09,1.244,1.056,1.478,1.165,1.332,rt,
Nord-Kivu,2026-08-10,1.238,1.075,1.436,1.167,1.314,rt,
Nord-Kivu,2026-08-11,1.234,1.086,1.401,1.169,1.297,rt,
Nord-Kivu,2026-08-12,1.227,1.092,1.383,1.17,1.287,rt,
Nord-Kivu,2026-08-13,1.223,1.088,1.379,1.167,1.282,rt,
Nord-Kivu,2026-08-14,1.219,1.077,1.386,1.155,1.281,rt,
Nord-Kivu,2026-08-15,1.214,1.054,1.404,1.14,1.284,rt,
Nord-Kivu,2026-08-16,1.208,1.023,1.433,1.127,1.292,rt,
Nord-Kivu,2026-08-17,1.211,1.049,1.41,1.14,1.284,rt,
Nord-Kivu,2026-08-18,1.216,1.066,1.395,1.153,1.28,rt,
Nord-Kivu,2026-08-19,1.218,1.08,1.392,1.158,1.284,rt,
Nord-Kivu,2026-08-20,1.219,1.081,1.401,1.159,1.288,rt,
Nord-Kivu,2026-08-21,1.221,1.075,1.422,1.158,1.297,rt,
Nord-Kivu,2026-08-22,1.223,1.058,1.456,1.153,1.309,rt,
Nord-Kivu,2026-08-23,1.228,1.039,1.496,1.148,1.324,rt,
Nord-Kivu,2026-08-24,1.221,1.057,1.45,1.15,1.304,rt,
Nord-Kivu,2026-08-25,1.214,1.069,1.414,1.152,1.286,rt,
Nord-Kivu,2026-08-26,1.208,1.073,1.397,1.15,1.277,rt,
Nord-Kivu,2026-08-27,1.202,1.065,1.377,1.144,1.268,rt,
Nord-Kivu,2026-08-28,1.195,1.046,1.375,1.135,1.265,rt,
Nord-Kivu,2026-08-29,1.19,1.025,1.389,1.122,1.264,rt,
Nord-Kivu,2026-08-30,1.182,1.002,1.413,1.105,1.266,rt,
Nord-Kivu,2026-08-31,1.158,1.001,1.341,1.09,1.23,rt,
Nord-Kivu,2026-09-01,1.134,0.988,1.285,1.072,1.194,rt,
Nord-Kivu,2026-09-02,1.109,0.974,1.245,1.052,1.165,rt,
Nord-Kivu,2026-09-03,1.084,0.95,1.218,1.027,1.14,rt,
Nord-Kivu,2026-09-04,1.061,0.913,1.205,0.999,1.121,rt,
Nord-Kivu,2026-09-05,1.036,0.87,1.201,0.969,1.107,rt,
Nord-Kivu,2026-09-06,1.014,0.828,1.203,0.94,1.095,rt,
Nord-Kivu,2026-09-07,1.008,0.842,1.167,0.94,1.075,rt,
Nord-Kivu,2026-09-08,0.999,0.849,1.143,0.94,1.058,rt,
Nord-Kivu,2026-09-09,0.989,0.856,1.123,0.935,1.045,rt,
Nord-Kivu,2026-09-10,0.982,0.85,1.115,0.929,1.035,rt,
Nord-Kivu,2026-09-11,0.973,0.835,1.116,0.919,1.03,rt,
Nord-Kivu,2026-09-12,0.966,0.818,1.125,0.906,1.024,rt,
Nord-Kivu,2026-09-13,0.961,0.797,1.144,0.89,1.025,rt,
Nord-Kivu,2026-09-14,0.969,0.82,1.139,0.907,1.031,rt,
Nord-Kivu,2026-09-15,0.979,0.839,1.137,0.919,1.038,rt,
Nord-Kivu,2026-09-16,0.989,0.852,1.147,0.93,1.048,rt,
Nord-Kivu,2026-09-17,0.997,0.86,1.167,0.937,1.063,rt,
Nord-Kivu,2026-09-18,1.008,0.858,1.19,0.942,1.079,rt,
Nord-Kivu,2026-09-19,1.017,0.854,1.233,0.945,1.1,rt,
Nord-Kivu,2026-09-20,1.028,0.845,1.274,0.947,1.124,rt,
Nord-Kivu,2026-09-21,1.045,0.86,1.28,0.966,1.139,rt,
Nord-Kivu,2026-09-22,1.062,0.873,1.309,0.983,1.16,rt,
Nord-Kivu,2026-09-23,1.084,0.877,1.355,0.997,1.186,rt,
Nord-Kivu,2026-09-24,1.105,0.871,1.407,1.005,1.211,rt,
Nord-Kivu,2026-09-25,1.123,0.864,1.479,1.015,1.246,rt,
Nord-Kivu,2026-09-26,1.143,0.857,1.557,1.022,1.286,rt,
Nord-Kivu,2026-09-27,1.163,0.844,1.655,1.026,1.324,rt,
Nord-Kivu,2026-09-28,1.163,0.842,1.649,1.026,1.325,rt,
Nord-Kivu,2026-09-29,1.16,0.843,1.632,1.018,1.323,rt,
Nord-Kivu,2026-09-30,1.162,0.836,1.633,1.012,1.328,rt,
Nord-Kivu,2026-10-01,1.164,0.825,1.663,1.006,1.332,rt,
Nord-Kivu,2026-10-02,1.166,0.807,1.71,1.002,1.342,rt,
Nord-Kivu,2026-10-03,1.167,0.785,1.755,0.988,1.353,rt,
Nord-Kivu,2026-10-04,1.168,0.765,1.818,0.981,1.367,rt,
Nord-Kivu,2026-10-05,1.15,0.747,1.792,0.974,1.363,rt,
Nord-Kivu,2026-10-06,1.14,0.702,1.852,0.937,1.384,rt,
Haut-Uele,2026-03-29,1.589,0.956,2.433,1.309,1.892,rt,
Haut-Uele,2026-03-30,1.586,0.955,2.43,1.308,1.889,rt,
Haut-Uele,2026-03-31,1.584,0.955,2.425,1.308,1.886,rt,
Haut-Uele,2026-04-01,1.582,0.955,2.42,1.306,1.882,rt,
Haut-Uele,2026-04-02,1.579,0.952,2.414,1.305,1.88,rt,
Haut-Uele,2026-04-03,1.577,0.95,2.408,1.304,1.877,rt,
Haut-Uele,2026-04-04,1.575,0.95,2.402,1.302,1.873,rt,
Haut-Uele,2026-04-05,1.573,0.95,2.398,1.3,1.871,rt,
Haut-Uele,2026-04-06,1.569,0.95,2.393,1.298,1.868,rt,
Haut-Uele,2026-04-07,1.566,0.949,2.388,1.295,1.865,rt,
Haut-Uele,2026-04-08,1.564,0.949,2.383,1.293,1.862,rt,
Haut-Uele,2026-04-09,1.561,0.949,2.378,1.291,1.858,rt,
Haut-Uele,2026-04-10,1.558,0.946,2.373,1.289,1.854,rt,
Haut-Uele,2026-04-11,1.555,0.943,2.369,1.286,1.852,rt,
Haut-Uele,2026-04-12,1.551,0.943,2.366,1.284,1.851,rt,
Haut-Uele,2026-04-13,1.549,0.942,2.364,1.281,1.847,rt,
Haut-Uele,2026-04-14,1.545,0.942,2.358,1.279,1.843,rt,
Haut-Uele,2026-04-15,1.541,0.942,2.352,1.275,1.839,rt,
Haut-Uele,2026-04-16,1.539,0.939,2.347,1.273,1.835,rt,
Haut-Uele,2026-04-17,1.536,0.935,2.342,1.269,1.832,rt,
Haut-Uele,2026-04-18,1.533,0.934,2.336,1.266,1.827,rt,
Haut-Uele,2026-04-19,1.529,0.934,2.33,1.263,1.821,rt,
Haut-Uele,2026-04-20,1.541,0.961,2.325,1.286,1.817,rt,
Haut-Uele,2026-04-21,1.559,0.984,2.317,1.307,1.82,rt,
Haut-Uele,2026-04-22,1.566,0.989,2.313,1.331,1.837,rt,
Haut-Uele,2026-04-23,1.582,0.997,2.346,1.342,1.868,rt,
Haut-Uele,2026-04-24,1.599,0.998,2.382,1.343,1.889,rt,
Haut-Uele,2026-04-25,1.618,0.984,2.416,1.345,1.914,rt,
Haut-Uele,2026-04-26,1.628,0.975,2.475,1.347,1.946,rt,
Haut-Uele,2026-04-27,1.64,0.993,2.463,1.366,1.96,rt,
Haut-Uele,2026-04-28,1.655,0.996,2.47,1.377,1.976,rt,
Haut-Uele,2026-04-29,1.675,1.018,2.494,1.381,1.994,rt,
Haut-Uele,2026-04-30,1.689,1.025,2.547,1.384,2.018,rt,
Haut-Uele,2026-05-01,1.696,1.024,2.582,1.377,2.043,rt,
Haut-Uele,2026-05-02,1.707,1.021,2.646,1.381,2.068,rt,
Haut-Uele,2026-05-03,1.714,0.997,2.735,1.386,2.112,rt,
Haut-Uele,2026-05-04,1.73,1.019,2.751,1.407,2.11,rt,
Haut-Uele,2026-05-05,1.754,1.036,2.782,1.424,2.135,rt,
Haut-Uele,2026-05-06,1.763,1.055,2.819,1.433,2.158,rt,
Haut-Uele,2026-05-07,1.772,1.068,2.858,1.438,2.184,rt,
Haut-Uele,2026-05-08,1.792,1.064,2.925,1.453,2.211,rt,
Haut-Uele,2026-05-09,1.805,1.062,2.996,1.456,2.238,rt,
Haut-Uele,2026-05-10,1.818,1.054,3.115,1.473,2.27,rt,
Haut-Uele,2026-05-11,1.821,1.08,3.044,1.475,2.247,rt,
Haut-Uele,2026-05-12,1.812,1.095,2.974,1.487,2.228,rt,
Haut-Uele,2026-05-13,1.813,1.103,2.885,1.49,2.197,rt,
Haut-Uele,2026-05-14,1.808,1.111,2.852,1.497,2.187,rt,
Haut-Uele,2026-05-15,1.801,1.111,2.816,1.505,2.183,rt,
Haut-Uele,2026-05-16,1.794,1.097,2.8,1.506,2.163,rt,
Haut-Uele,2026-05-17,1.789,1.093,2.816,1.497,2.156,rt,
Haut-Uele,2026-05-18,1.794,1.119,2.768,1.511,2.147,rt,
Haut-Uele,2026-05-19,1.804,1.145,2.73,1.529,2.147,rt,
Haut-Uele,2026-05-20,1.822,1.17,2.71,1.541,2.147,rt,
Haut-Uele,2026-05-21,1.832,1.175,2.704,1.559,2.148,rt,
Haut-Uele,2026-05-22,1.835,1.19,2.709,1.557,2.152,rt,
Haut-Uele,2026-05-23,1.841,1.196,2.738,1.567,2.161,rt,
Haut-Uele,2026-05-24,1.854,1.186,2.737,1.571,2.183,rt,
Haut-Uele,2026-05-25,1.862,1.225,2.718,1.598,2.177,rt,
Haut-Uele,2026-05-26,1.88,1.253,2.701,1.621,2.172,rt,
Haut-Uele,2026-05-27,1.888,1.277,2.684,1.642,2.175,rt,
Haut-Uele,2026-05-28,1.897,1.298,2.678,1.664,2.172,rt,
Haut-Uele,2026-05-29,1.913,1.317,2.698,1.67,2.191,rt,
Haut-Uele,2026-05-30,1.923,1.323,2.753,1.679,2.22,rt,
Haut-Uele,2026-05-31,1.937,1.319,2.805,1.681,2.246,rt,
Haut-Uele,2026-06-01,1.953,1.373,2.788,1.717,2.243,rt,
Haut-Uele,2026-06-02,1.969,1.422,2.795,1.742,2.25,rt,
Haut-Uele,2026-06-03,1.991,1.456,2.795,1.766,2.263,rt,
Haut-Uele,2026-06-04,2.015,1.488,2.827,1.79,2.287,rt,
Haut-Uele,2026-06-05,2.037,1.51,2.858,1.806,2.321,rt,
Haut-Uele,2026-06-06,2.059,1.528,2.921,1.824,2.356,rt,
Haut-Uele,2026-06-07,2.089,1.539,2.997,1.839,2.393,rt,
Haut-Uele,2026-06-08,2.115,1.591,2.963,1.867,2.412,rt,
Haut-Uele,2026-06-09,2.138,1.63,2.96,1.898,2.43,rt,
Haut-Uele,2026-06-10,2.168,1.659,2.966,1.93,2.448,rt,
Haut-Uele,2026-06-11,2.201,1.677,2.974,1.955,2.484,rt,
Haut-Uele,2026-06-12,2.225,1.682,3.009,1.972,2.531,rt,
Haut-Uele,2026-06-13,2.257,1.682,3.065,1.996,2.566,rt,
Haut-Uele,2026-06-14,2.288,1.67,3.144,2.014,2.622,rt,
Haut-Uele,2026-06-15,2.316,1.727,3.138,2.054,2.638,rt,
Haut-Uele,2026-06-16,2.347,1.772,3.17,2.098,2.659,rt,
Haut-Uele,2026-06-17,2.384,1.818,3.216,2.135,2.689,rt,
Haut-Uele,2026-06-18,2.421,1.848,3.252,2.165,2.722,rt,
Haut-Uele,2026-06-19,2.462,1.875,3.337,2.188,2.757,rt,
Haut-Uele,2026-06-20,2.496,1.888,3.412,2.212,2.797,rt,
Haut-Uele,2026-06-21,2.527,1.887,3.504,2.238,2.853,rt,
Haut-Uele,2026-06-22,2.556,1.938,3.466,2.273,2.868,rt,
Haut-Uele,2026-06-23,2.582,1.987,3.461,2.302,2.889,rt,
Haut-Uele,2026-06-24,2.614,2.027,3.467,2.328,2.918,rt,
Haut-Uele,2026-06-25,2.644,2.046,3.478,2.348,2.954,rt,
Haut-Uele,2026-06-26,2.67,2.054,3.528,2.369,2.997,rt,
Haut-Uele,2026-06-27,2.694,2.04,3.6,2.385,3.056,rt,
Haut-Uele,2026-06-28,2.73,2.027,3.704,2.403,3.098,rt,
Haut-Uele,2026-06-29,2.688,2.034,3.623,2.378,3.039,rt,
Haut-Uele,2026-06-30,2.652,2.03,3.537,2.362,2.965,rt,
Haut-Uele,2026-07-01,2.611,2.018,3.457,2.343,2.912,rt,
Haut-Uele,2026-07-02,2.576,1.998,3.407,2.316,2.861,rt,
Haut-Uele,2026-07-03,2.538,1.971,3.388,2.278,2.818,rt,
Haut-Uele,2026-07-04,2.5,1.92,3.378,2.236,2.791,rt,
Haut-Uele,2026-07-05,2.46,1.873,3.362,2.202,2.758,rt,
Haut-Uele,2026-07-06,2.412,1.875,3.223,2.173,2.674,rt,
Haut-Uele,2026-07-07,2.357,1.864,3.077,2.144,2.602,rt,
Haut-Uele,2026-07-08,2.311,1.852,2.947,2.104,2.544,rt,
Haut-Uele,2026-07-09,2.258,1.822,2.874,2.06,2.485,rt,
Haut-Uele,2026-07-10,2.211,1.777,2.825,2.012,2.441,rt,
Haut-Uele,2026-07-11,2.168,1.728,2.797,1.964,2.394,rt,
Haut-Uele,2026-07-12,2.124,1.661,2.789,1.911,2.356,rt,
Haut-Uele,2026-07-13,2.072,1.668,2.666,1.884,2.279,rt,
Haut-Uele,2026-07-14,2.024,1.662,2.56,1.859,2.212,rt,
Haut-Uele,2026-07-15,1.973,1.629,2.452,1.826,2.155,rt,
Haut-Uele,2026-07-16,1.934,1.602,2.381,1.789,2.107,rt,
Haut-Uele,2026-07-17,1.89,1.553,2.318,1.749,2.059,rt,
Haut-Uele,2026-07-18,1.852,1.503,2.302,1.699,2.021,rt,
Haut-Uele,2026-07-19,1.814,1.458,2.263,1.654,1.991,rt,
Haut-Uele,2026-07-20,1.771,1.446,2.182,1.629,1.932,rt,
Haut-Uele,2026-07-21,1.726,1.444,2.091,1.597,1.878,rt,
Haut-Uele,2026-07-22,1.69,1.429,2.033,1.57,1.83,rt,
Haut-Uele,2026-07-23,1.654,1.401,1.994,1.537,1.793,rt,
Haut-Uele,2026-07-24,1.621,1.36,1.975,1.496,1.755,rt,
Haut-Uele,2026-07-25,1.587,1.311,1.955,1.46,1.728,rt,
Haut-Uele,2026-07-26,1.551,1.261,1.938,1.422,1.704,rt,
Haut-Uele,2026-07-27,1.52,1.262,1.853,1.405,1.653,rt,
Haut-Uele,2026-07-28,1.484,1.253,1.789,1.385,1.605,rt,
Haut-Uele,2026-07-29,1.459,1.24,1.738,1.362,1.562,rt,
Haut-Uele,2026-07-30,1.428,1.22,1.693,1.332,1.528,rt,
Haut-Uele,2026-07-31,1.396,1.182,1.671,1.302,1.501,rt,
Haut-Uele,2026-08-01,1.367,1.141,1.672,1.272,1.476,rt,
Haut-Uele,2026-08-02,1.339,1.084,1.663,1.235,1.455,rt,
Haut-Uele,2026-08-03,1.315,1.093,1.601,1.224,1.418,rt,
Haut-Uele,2026-08-04,1.292,1.09,1.542,1.209,1.386,rt,
Haut-Uele,2026-08-05,1.269,1.085,1.5,1.19,1.357,rt,
Haut-Uele,2026-08-06,1.247,1.067,1.474,1.172,1.335,rt,
Haut-Uele,2026-08-07,1.224,1.041,1.458,1.147,1.315,rt,
Haut-Uele,2026-08-08,1.205,1.008,1.454,1.121,1.3,rt,
Haut-Uele,2026-08-09,1.184,0.97,1.459,1.094,1.286,rt,
Haut-Uele,2026-08-10,1.153,0.963,1.388,1.072,1.24,rt,
Haut-Uele,2026-08-11,1.122,0.954,1.327,1.05,1.198,rt,
Haut-Uele,2026-08-12,1.092,0.932,1.278,1.024,1.162,rt,
Haut-Uele,2026-08-13,1.063,0.905,1.242,0.998,1.128,rt,
Haut-Uele,2026-08-14,1.033,0.872,1.216,0.967,1.103,rt,
Haut-Uele,2026-08-15,1.003,0.828,1.209,0.934,1.08,rt,
Haut-Uele,2026-08-16,0.976,0.788,1.206,0.899,1.06,rt,
Haut-Uele,2026-08-17,0.956,0.784,1.153,0.886,1.029,rt,
Haut-Uele,2026-08-18,0.936,0.779,1.11,0.87,0.997,rt,
Haut-Uele,2026-08-19,0.913,0.766,1.073,0.855,0.975,rt,
Haut-Uele,2026-08-20,0.893,0.746,1.047,0.836,0.952,rt,
Haut-Uele,2026-08-21,0.873,0.722,1.034,0.812,0.937,rt,
Haut-Uele,2026-08-22,0.856,0.692,1.03,0.785,0.922,rt,
Haut-Uele,2026-08-23,0.838,0.658,1.03,0.761,0.911,rt,
Haut-Uele,2026-08-24,0.839,0.67,1.008,0.769,0.905,rt,
Haut-Uele,2026-08-25,0.842,0.684,0.996,0.776,0.902,rt,
Haut-Uele,2026-08-26,0.843,0.696,0.99,0.784,0.9,rt,
Haut-Uele,2026-08-27,0.845,0.694,0.993,0.784,0.902,rt,
Haut-Uele,2026-08-28,0.845,0.696,1.001,0.784,0.908,rt,
Haut-Uele,2026-08-29,0.847,0.692,1.022,0.779,0.915,rt,
Haut-Uele,2026-08-30,0.851,0.678,1.042,0.775,0.926,rt,
Haut-Uele,2026-08-31,0.854,0.698,1.027,0.788,0.924,rt,
Haut-Uele,2026-09-01,0.86,0.713,1.021,0.799,0.927,rt,
Haut-Uele,2026-09-02,0.868,0.729,1.021,0.81,0.931,rt,
Haut-Uele,2026-09-03,0.872,0.734,1.031,0.815,0.937,rt,
Haut-Uele,2026-09-04,0.881,0.732,1.049,0.818,0.946,rt,
Haut-Uele,2026-09-05,0.889,0.728,1.072,0.82,0.959,rt,
Haut-Uele,2026-09-06,0.895,0.721,1.102,0.821,0.977,rt,
Haut-Uele,2026-09-07,0.89,0.727,1.078,0.82,0.965,rt,
Haut-Uele,2026-09-08,0.886,0.732,1.057,0.82,0.951,rt,
Haut-Uele,2026-09-09,0.882,0.733,1.049,0.817,0.942,rt,
Haut-Uele,2026-09-10,0.876,0.726,1.05,0.812,0.942,rt,
Haut-Uele,2026-09-11,0.87,0.71,1.055,0.801,0.944,rt,
Haut-Uele,2026-09-12,0.864,0.687,1.076,0.792,0.945,rt,
Haut-Uele,2026-09-13,0.859,0.666,1.097,0.779,0.947,rt,
Haut-Uele,2026-09-14,0.849,0.667,1.06,0.776,0.934,rt,
Haut-Uele,2026-09-15,0.843,0.662,1.041,0.77,0.922,rt,
Haut-Uele,2026-09-16,0.834,0.661,1.031,0.761,0.911,rt,
Haut-Uele,2026-09-17,0.823,0.646,1.023,0.752,0.902,rt,
Haut-Uele,2026-09-18,0.812,0.629,1.022,0.739,0.896,rt,
Haut-Uele,2026-09-19,0.805,0.614,1.032,0.724,0.894,rt,
Haut-Uele,2026-09-20,0.796,0.59,1.046,0.71,0.892,rt,
Haut-Uele,2026-09-21,0.795,0.592,1.033,0.709,0.887,rt,
Haut-Uele,2026-09-22,0.796,0.596,1.031,0.706,0.889,rt,
Haut-Uele,2026-09-23,0.794,0.591,1.04,0.705,0.892,rt,
Haut-Uele,2026-09-24,0.792,0.586,1.049,0.7,0.892,rt,
Haut-Uele,2026-09-25,0.788,0.57,1.061,0.696,0.899,rt,
Haut-Uele,2026-09-26,0.788,0.55,1.09,0.689,0.91,rt,
Haut-Uele,2026-09-27,0.786,0.531,1.125,0.68,0.916,rt,
Haut-Uele,2026-09-28,0.788,0.534,1.126,0.681,0.92,rt,
Haut-Uele,2026-09-29,0.793,0.527,1.144,0.681,0.922,rt,
Haut-Uele,2026-09-30,0.797,0.528,1.16,0.681,0.932,rt,
Haut-Uele,2026-10-01,0.8,0.531,1.181,0.679,0.939,rt,
Haut-Uele,2026-10-02,0.805,0.525,1.211,0.679,0.95,rt,
Haut-Uele,2026-10-03,0.808,0.515,1.24,0.677,0.962,rt,
Haut-Uele,2026-10-04,0.812,0.505,1.273,0.675,0.972,rt,
Haut-Uele,2026-10-05,0.82,0.495,1.3,0.677,0.986,rt,
Haut-Uele,2026-10-06,0.83,0.463,1.401,0.665,1.018,rt,
Other provinces,2026-03-29,1.577,0.942,2.398,1.287,1.884,rt,
Other provinces,2026-03-30,1.575,0.941,2.392,1.285,1.881,rt,
Other provinces,2026-03-31,1.573,0.941,2.387,1.283,1.878,rt,
Other provinces,2026-04-01,1.57,0.939,2.382,1.282,1.875,rt,
Other provinces,2026-04-02,1.568,0.937,2.377,1.28,1.872,rt,
Other provinces,2026-04-03,1.565,0.935,2.372,1.278,1.87,rt,
Other provinces,2026-04-04,1.563,0.933,2.366,1.276,1.867,rt,
Other provinces,2026-04-05,1.56,0.931,2.357,1.274,1.864,rt,
Other provinces,2026-04-06,1.557,0.929,2.351,1.269,1.862,rt,
Other provinces,2026-04-07,1.554,0.927,2.348,1.267,1.859,rt,
Other provinces,2026-04-08,1.552,0.924,2.346,1.264,1.855,rt,
Other provinces,2026-04-09,1.55,0.922,2.343,1.261,1.85,rt,
Other provinces,2026-04-10,1.547,0.92,2.339,1.26,1.847,rt,
Other provinces,2026-04-11,1.542,0.919,2.337,1.259,1.842,rt,
Other provinces,2026-04-12,1.537,0.918,2.333,1.257,1.838,rt,
Other provinces,2026-04-13,1.534,0.916,2.328,1.254,1.833,rt,
Other provinces,2026-04-14,1.531,0.915,2.324,1.25,1.829,rt,
Other provinces,2026-04-15,1.528,0.914,2.317,1.245,1.824,rt,
Other provinces,2026-04-16,1.524,0.912,2.311,1.241,1.819,rt,
Other provinces,2026-04-17,1.521,0.911,2.303,1.239,1.814,rt,
Other provinces,2026-04-18,1.517,0.91,2.296,1.236,1.809,rt,
Other provinces,2026-04-19,1.513,0.908,2.292,1.231,1.803,rt,
Other provinces,2026-04-20,1.528,0.916,2.285,1.244,1.812,rt,
Other provinces,2026-04-21,1.536,0.918,2.296,1.254,1.822,rt,
Other provinces,2026-04-22,1.541,0.925,2.33,1.256,1.839,rt,
Other provinces,2026-04-23,1.553,0.924,2.358,1.255,1.855,rt,
Other provinces,2026-04-24,1.561,0.919,2.398,1.264,1.872,rt,
Other provinces,2026-04-25,1.573,0.921,2.478,1.262,1.898,rt,
Other provinces,2026-04-26,1.575,0.913,2.561,1.255,1.922,rt,
Other provinces,2026-04-27,1.587,0.916,2.537,1.269,1.927,rt,
Other provinces,2026-04-28,1.597,0.915,2.547,1.281,1.938,rt,
Other provinces,2026-04-29,1.6,0.908,2.556,1.294,1.949,rt,
Other provinces,2026-04-30,1.604,0.907,2.604,1.292,1.956,rt,
Other provinces,2026-05-01,1.604,0.897,2.666,1.287,1.968,rt,
Other provinces,2026-05-02,1.612,0.883,2.711,1.284,1.994,rt,
Other provinces,2026-05-03,1.62,0.871,2.778,1.291,2.016,rt,
Other provinces,2026-05-04,1.628,0.878,2.788,1.294,2.026,rt,
Other provinces,2026-05-05,1.639,0.881,2.799,1.299,2.021,rt,
Other provinces,2026-05-06,1.651,0.878,2.819,1.292,2.037,rt,
Other provinces,2026-05-07,1.66,0.883,2.814,1.293,2.054,rt,
Other provinces,2026-05-08,1.668,0.876,2.834,1.298,2.073,rt,
Other provinces,2026-05-09,1.675,0.867,2.871,1.298,2.098,rt,
Other provinces,2026-05-10,1.675,0.851,2.944,1.299,2.127,rt,
Other provinces,2026-05-11,1.648,0.853,2.835,1.282,2.062,rt,
Other provinces,2026-05-12,1.617,0.829,2.738,1.269,2.007,rt,
Other provinces,2026-05-13,1.59,0.832,2.645,1.255,1.95,rt,
Other provinces,2026-05-14,1.555,0.825,2.562,1.238,1.912,rt,
Other provinces,2026-05-15,1.528,0.815,2.492,1.217,1.876,rt,
Other provinces,2026-05-16,1.493,0.8,2.459,1.192,1.838,rt,
Other provinces,2026-05-17,1.473,0.796,2.396,1.168,1.805,rt,
Other provinces,2026-05-18,1.437,0.794,2.322,1.154,1.771,rt,
Other provinces,2026-05-19,1.412,0.79,2.238,1.145,1.731,rt,
Other provinces,2026-05-20,1.386,0.779,2.172,1.128,1.701,rt,
Other provinces,2026-05-21,1.364,0.768,2.112,1.114,1.667,rt,
Other provinces,2026-05-22,1.35,0.764,2.068,1.096,1.629,rt,
Other provinces,2026-05-23,1.331,0.758,2.035,1.071,1.602,rt,
Other provinces,2026-05-24,1.309,0.739,2.022,1.057,1.586,rt,
Other provinces,2026-05-25,1.288,0.736,1.947,1.043,1.542,rt,
Other provinces,2026-05-26,1.264,0.719,1.88,1.028,1.5,rt,
Other provinces,2026-05-27,1.237,0.709,1.829,1.021,1.464,rt,
Other provinces,2026-05-28,1.207,0.689,1.779,1.007,1.429,rt,
Other provinces,2026-05-29,1.186,0.683,1.743,0.99,1.397,rt,
Other provinces,2026-05-30,1.165,0.668,1.722,0.971,1.371,rt,
Other provinces,2026-05-31,1.138,0.653,1.701,0.95,1.35,rt,
Other provinces,2026-06-01,1.125,0.655,1.648,0.945,1.322,rt,
Other provinces,2026-06-02,1.115,0.647,1.59,0.944,1.3,rt,
Other provinces,2026-06-03,1.108,0.638,1.558,0.935,1.278,rt,
Other provinces,2026-06-04,1.092,0.631,1.531,0.921,1.26,rt,
Other provinces,2026-06-05,1.081,0.622,1.528,0.91,1.245,rt,
Other provinces,2026-06-06,1.07,0.61,1.517,0.896,1.229,rt,
Other provinces,2026-06-07,1.06,0.609,1.512,0.88,1.221,rt,
Other provinces,2026-06-08,1.048,0.603,1.485,0.869,1.204,rt,
Other provinces,2026-06-09,1.039,0.598,1.466,0.86,1.192,rt,
Other provinces,2026-06-10,1.025,0.593,1.449,0.853,1.181,rt,
Other provinces,2026-06-11,1.012,0.586,1.435,0.84,1.173,rt,
Other provinces,2026-06-12,1.002,0.578,1.435,0.83,1.159,rt,
Other provinces,2026-06-13,0.989,0.572,1.429,0.817,1.155,rt,
Other provinces,2026-06-14,0.982,0.561,1.438,0.804,1.146,rt,
Other provinces,2026-06-15,0.971,0.564,1.416,0.8,1.137,rt,
Other provinces,2026-06-16,0.965,0.557,1.403,0.8,1.132,rt,
Other provinces,2026-06-17,0.959,0.555,1.397,0.797,1.128,rt,
Other provinces,2026-06-18,0.951,0.557,1.393,0.789,1.122,rt,
Other provinces,2026-06-19,0.946,0.559,1.39,0.78,1.116,rt,
Other provinces,2026-06-20,0.94,0.547,1.391,0.774,1.111,rt,
Other provinces,2026-06-21,0.936,0.543,1.405,0.765,1.106,rt,
Other provinces,2026-06-22,0.945,0.545,1.399,0.774,1.118,rt,
Other provinces,2026-06-23,0.955,0.551,1.406,0.777,1.127,rt,
Other provinces,2026-06-24,0.963,0.548,1.407,0.786,1.14,rt,
Other provinces,2026-06-25,0.969,0.547,1.429,0.792,1.152,rt,
Other provinces,2026-06-26,0.979,0.546,1.445,0.792,1.163,rt,
Other provinces,2026-06-27,0.986,0.542,1.462,0.797,1.171,rt,
Other provinces,2026-06-28,0.991,0.534,1.488,0.797,1.187,rt,
Other provinces,2026-06-29,0.987,0.538,1.464,0.795,1.171,rt,
Other provinces,2026-06-30,0.978,0.536,1.441,0.793,1.158,rt,
Other provinces,2026-07-01,0.973,0.537,1.423,0.795,1.15,rt,
Other provinces,2026-07-02,0.968,0.536,1.41,0.792,1.139,rt,
Other provinces,2026-07-03,0.961,0.538,1.407,0.783,1.131,rt,
Other provinces,2026-07-04,0.953,0.527,1.396,0.774,1.127,rt,
Other provinces,2026-07-05,0.945,0.526,1.401,0.769,1.126,rt,
Other provinces,2026-07-06,0.951,0.533,1.374,0.775,1.13,rt,
Other provinces,2026-07-07,0.955,0.538,1.365,0.785,1.129,rt,
Other provinces,2026-07-08,0.961,0.539,1.356,0.791,1.127,rt,
Other provinces,2026-07-09,0.961,0.542,1.355,0.795,1.133,rt,
Other provinces,2026-07-10,0.966,0.542,1.356,0.799,1.13,rt,
Other provinces,2026-07-11,0.968,0.537,1.377,0.801,1.137,rt,
Other provinces,2026-07-12,0.971,0.534,1.384,0.803,1.145,rt,
Other provinces,2026-07-13,0.978,0.545,1.363,0.816,1.141,rt,
Other provinces,2026-07-14,0.987,0.552,1.363,0.822,1.142,rt,
Other provinces,2026-07-15,0.992,0.558,1.354,0.83,1.145,rt,
Other provinces,2026-07-16,1.0,0.57,1.361,0.833,1.15,rt,
Other provinces,2026-07-17,1.009,0.571,1.366,0.833,1.15,rt,
Other provinces,2026-07-18,1.01,0.583,1.381,0.843,1.157,rt,
Other provinces,2026-07-19,1.015,0.586,1.401,0.844,1.161,rt,
Other provinces,2026-07-20,1.02,0.595,1.389,0.852,1.162,rt,
Other provinces,2026-07-21,1.026,0.603,1.376,0.863,1.166,rt,
Other provinces,2026-07-22,1.03,0.616,1.377,0.871,1.17,rt,
Other provinces,2026-07-23,1.036,0.627,1.377,0.877,1.177,rt,
Other provinces,2026-07-24,1.041,0.636,1.39,0.884,1.186,rt,
Other provinces,2026-07-25,1.041,0.635,1.403,0.887,1.193,rt,
Other provinces,2026-07-26,1.043,0.635,1.422,0.888,1.2,rt,
Other provinces,2026-07-27,1.056,0.651,1.423,0.899,1.204,rt,
Other provinces,2026-07-28,1.061,0.665,1.426,0.911,1.208,rt,
Other provinces,2026-07-29,1.066,0.676,1.436,0.92,1.214,rt,
Other provinces,2026-07-30,1.075,0.689,1.438,0.93,1.223,rt,
Other provinces,2026-07-31,1.082,0.697,1.453,0.936,1.236,rt,
Other provinces,2026-08-01,1.089,0.704,1.469,0.941,1.246,rt,
Other provinces,2026-08-02,1.096,0.701,1.497,0.947,1.261,rt,
Other provinces,2026-08-03,1.103,0.715,1.479,0.958,1.259,rt,
Other provinces,2026-08-04,1.111,0.727,1.461,0.968,1.256,rt,
Other provinces,2026-08-05,1.114,0.744,1.452,0.978,1.256,rt,
Other provinces,2026-08-06,1.119,0.751,1.455,0.981,1.257,rt,
Other provinces,2026-08-07,1.121,0.754,1.472,0.99,1.262,rt,
Other provinces,2026-08-08,1.128,0.756,1.483,0.995,1.263,rt,
Other provinces,2026-08-09,1.132,0.756,1.506,0.997,1.271,rt,
Other provinces,2026-08-10,1.129,0.765,1.479,0.999,1.262,rt,
Other provinces,2026-08-11,1.127,0.773,1.452,0.998,1.254,rt,
Other provinces,2026-08-12,1.124,0.784,1.43,0.995,1.245,rt,
Other provinces,2026-08-13,1.118,0.787,1.428,0.994,1.238,rt,
Other provinces,2026-08-14,1.114,0.791,1.431,0.986,1.228,rt,
Other provinces,2026-08-15,1.11,0.789,1.438,0.982,1.229,rt,
Other provinces,2026-08-16,1.104,0.779,1.454,0.974,1.23,rt,
Other provinces,2026-08-17,1.112,0.796,1.433,0.989,1.229,rt,
Other provinces,2026-08-18,1.114,0.807,1.423,0.994,1.228,rt,
Other provinces,2026-08-19,1.121,0.812,1.43,1.001,1.231,rt,
Other provinces,2026-08-20,1.128,0.819,1.431,1.006,1.234,rt,
Other provinces,2026-08-21,1.129,0.82,1.44,1.008,1.24,rt,
Other provinces,2026-08-22,1.133,0.818,1.471,1.009,1.251,rt,
Other provinces,2026-08-23,1.132,0.812,1.5,1.009,1.262,rt,
Other provinces,2026-08-24,1.144,0.83,1.488,1.025,1.266,rt,
Other provinces,2026-08-25,1.151,0.848,1.486,1.04,1.271,rt,
Other provinces,2026-08-26,1.166,0.866,1.479,1.051,1.281,rt,
Other provinces,2026-08-27,1.174,0.877,1.48,1.059,1.292,rt,
Other provinces,2026-08-28,1.185,0.887,1.502,1.069,1.31,rt,
Other provinces,2026-08-29,1.195,0.886,1.526,1.075,1.323,rt,
Other provinces,2026-08-30,1.204,0.889,1.552,1.078,1.339,rt,
Other provinces,2026-08-31,1.201,0.9,1.521,1.083,1.328,rt,
Other provinces,2026-09-01,1.198,0.911,1.499,1.084,1.315,rt,
Other provinces,2026-09-02,1.198,0.91,1.487,1.084,1.31,rt,
Other provinces,2026-09-03,1.193,0.911,1.483,1.083,1.304,rt,
Other provinces,2026-09-04,1.192,0.912,1.483,1.077,1.305,rt,
Other provinces,2026-09-05,1.186,0.904,1.497,1.074,1.309,rt,
Other provinces,2026-09-06,1.177,0.888,1.517,1.064,1.31,rt,
Other provinces,2026-09-07,1.163,0.894,1.476,1.053,1.282,rt,
Other provinces,2026-09-08,1.151,0.889,1.441,1.04,1.261,rt,
Other provinces,2026-09-09,1.134,0.878,1.419,1.026,1.239,rt,
Other provinces,2026-09-10,1.117,0.872,1.398,1.009,1.221,rt,
Other provinces,2026-09-11,1.1,0.859,1.396,0.992,1.207,rt,
Other provinces,2026-09-12,1.081,0.837,1.398,0.973,1.197,rt,
Other provinces,2026-09-13,1.063,0.81,1.398,0.951,1.191,rt,
Other provinces,2026-09-14,1.055,0.809,1.375,0.945,1.176,rt,
Other provinces,2026-09-15,1.045,0.803,1.348,0.937,1.161,rt,
Other provinces,2026-09-16,1.037,0.788,1.329,0.925,1.15,rt,
Other provinces,2026-09-17,1.024,0.771,1.323,0.914,1.145,rt,
Other provinces,2026-09-18,1.014,0.752,1.322,0.904,1.141,rt,
Other provinces,2026-09-19,1.009,0.732,1.324,0.884,1.136,rt,
Other provinces,2026-09-20,1.001,0.712,1.325,0.867,1.138,rt,
Other provinces,2026-09-21,1.003,0.722,1.32,0.871,1.135,rt,
Other provinces,2026-09-22,1.005,0.727,1.325,0.874,1.138,rt,
Other provinces,2026-09-23,1.005,0.722,1.33,0.877,1.146,rt,
Other provinces,2026-09-24,1.007,0.722,1.353,0.876,1.149,rt,
Other provinces,2026-09-25,1.01,0.711,1.378,0.872,1.155,rt,
Other provinces,2026-09-26,1.011,0.695,1.41,0.867,1.161,rt,
Other provinces,2026-09-27,1.012,0.685,1.45,0.864,1.173,rt,
Other provinces,2026-09-28,1.011,0.678,1.439,0.864,1.173,rt,
Other provinces,2026-09-29,1.013,0.678,1.435,0.863,1.18,rt,
Other provinces,2026-09-30,1.01,0.673,1.452,0.863,1.188,rt,
Other provinces,2026-10-01,1.009,0.664,1.468,0.859,1.193,rt,
Other provinces,2026-10-02,1.008,0.66,1.493,0.853,1.196,rt,
Other provinces,2026-10-03,1.01,0.654,1.518,0.845,1.199,rt,
Other provinces,2026-10-04,1.01,0.639,1.549,0.833,1.208,rt,
Other provinces,2026-10-05,1.014,0.632,1.591,0.834,1.205,rt,
Other provinces,2026-10-06,1.015,0.593,1.663,0.832,1.217,rt,
National,2026-03-29,1.938,1.546,2.55,1.744,2.157,rt,
National,2026-03-30,1.937,1.544,2.545,1.741,2.154,rt,
National,2026-03-31,1.936,1.542,2.538,1.739,2.15,rt,
National,2026-04-01,1.933,1.541,2.53,1.736,2.147,rt,
National,2026-04-02,1.93,1.539,2.524,1.734,2.144,rt,
National,2026-04-03,1.927,1.539,2.517,1.733,2.142,rt,
National,2026-04-04,1.924,1.537,2.511,1.73,2.138,rt,
National,2026-04-05,1.922,1.532,2.508,1.729,2.134,rt,
National,2026-04-06,1.919,1.531,2.499,1.727,2.132,rt,
National,2026-04-07,1.916,1.53,2.495,1.724,2.129,rt,
National,2026-04-08,1.911,1.529,2.489,1.721,2.125,rt,
National,2026-04-09,1.908,1.527,2.481,1.718,2.121,rt,
National,2026-04-10,1.905,1.525,2.479,1.715,2.118,rt,
National,2026-04-11,1.901,1.521,2.474,1.712,2.116,rt,
National,2026-04-12,1.897,1.518,2.462,1.708,2.112,rt,
National,2026-04-13,1.893,1.517,2.456,1.704,2.107,rt,
National,2026-04-14,1.889,1.516,2.453,1.701,2.103,rt,
National,2026-04-15,1.884,1.514,2.445,1.697,2.099,rt,
National,2026-04-16,1.88,1.512,2.437,1.694,2.095,rt,
National,2026-04-17,1.876,1.51,2.427,1.69,2.091,rt,
National,2026-04-18,1.873,1.503,2.419,1.687,2.087,rt,
National,2026-04-19,1.867,1.498,2.414,1.683,2.081,rt,
National,2026-04-20,1.892,1.535,2.424,1.714,2.097,rt,
National,2026-04-21,1.918,1.559,2.445,1.743,2.115,rt,
National,2026-04-22,1.943,1.573,2.476,1.762,2.15,rt,
National,2026-04-23,1.972,1.587,2.521,1.785,2.184,rt,
National,2026-04-24,2.002,1.6,2.562,1.802,2.218,rt,
National,2026-04-25,2.027,1.604,2.613,1.821,2.261,rt,
National,2026-04-26,2.055,1.603,2.674,1.835,2.307,rt,
National,2026-04-27,2.079,1.629,2.699,1.853,2.323,rt,
National,2026-04-28,2.1,1.646,2.727,1.878,2.355,rt,
National,2026-04-29,2.122,1.658,2.769,1.894,2.379,rt,
National,2026-04-30,2.139,1.666,2.824,1.907,2.4,rt,
National,2026-05-01,2.159,1.667,2.893,1.92,2.431,rt,
National,2026-05-02,2.177,1.673,2.964,1.931,2.463,rt,
National,2026-05-03,2.199,1.672,3.041,1.943,2.496,rt,
National,2026-05-04,2.219,1.687,3.071,1.962,2.51,rt,
National,2026-05-05,2.237,1.7,3.119,1.981,2.519,rt,
National,2026-05-06,2.258,1.703,3.178,1.992,2.544,rt,
National,2026-05-07,2.275,1.713,3.225,2.001,2.571,rt,
National,2026-05-08,2.298,1.711,3.279,2.015,2.605,rt,
National,2026-05-09,2.314,1.714,3.359,2.023,2.641,rt,
National,2026-05-10,2.331,1.709,3.417,2.025,2.688,rt,
National,2026-05-11,2.295,1.697,3.302,2.006,2.632,rt,
National,2026-05-12,2.254,1.682,3.196,1.985,2.569,rt,
National,2026-05-13,2.214,1.671,3.109,1.966,2.515,rt,
National,2026-05-14,2.18,1.662,3.019,1.934,2.467,rt,
National,2026-05-15,2.14,1.646,2.938,1.897,2.424,rt,
National,2026-05-16,2.095,1.63,2.859,1.866,2.382,rt,
National,2026-05-17,2.057,1.6,2.821,1.834,2.346,rt,
National,2026-05-18,2.036,1.59,2.736,1.817,2.303,rt,
National,2026-05-19,2.012,1.58,2.658,1.799,2.264,rt,
National,2026-05-20,1.987,1.571,2.593,1.779,2.222,rt,
National,2026-05-21,1.959,1.551,2.552,1.763,2.182,rt,
National,2026-05-22,1.93,1.534,2.502,1.74,2.146,rt,
National,2026-05-23,1.904,1.515,2.464,1.719,2.109,rt,
National,2026-05-24,1.88,1.494,2.431,1.695,2.078,rt,
National,2026-05-25,1.85,1.477,2.359,1.674,2.039,rt,
National,2026-05-26,1.817,1.462,2.303,1.654,2.0,rt,
National,2026-05-27,1.787,1.443,2.248,1.631,1.962,rt,
National,2026-05-28,1.763,1.422,2.206,1.611,1.923,rt,
National,2026-05-29,1.731,1.404,2.172,1.585,1.889,rt,
National,2026-05-30,1.702,1.38,2.144,1.558,1.858,rt,
National,2026-05-31,1.672,1.354,2.124,1.53,1.827,rt,
National,2026-06-01,1.656,1.352,2.059,1.521,1.801,rt,
National,2026-06-02,1.636,1.345,2.009,1.512,1.77,rt,
National,2026-06-03,1.621,1.335,1.965,1.497,1.745,rt,
National,2026-06-04,1.604,1.323,1.931,1.483,1.723,rt,
National,2026-06-05,1.586,1.311,1.908,1.469,1.705,rt,
National,2026-06-06,1.568,1.299,1.885,1.453,1.685,rt,
National,2026-06-07,1.548,1.279,1.873,1.436,1.666,rt,
National,2026-06-08,1.535,1.276,1.835,1.428,1.645,rt,
National,2026-06-09,1.522,1.271,1.807,1.42,1.628,rt,
National,2026-06-10,1.507,1.258,1.787,1.41,1.613,rt,
National,2026-06-11,1.496,1.248,1.771,1.397,1.597,rt,
National,2026-06-12,1.482,1.235,1.76,1.382,1.586,rt,
National,2026-06-13,1.47,1.221,1.759,1.368,1.575,rt,
National,2026-06-14,1.457,1.199,1.754,1.355,1.565,rt,
National,2026-06-15,1.454,1.203,1.73,1.353,1.554,rt,
National,2026-06-16,1.448,1.206,1.713,1.351,1.545,rt,
National,2026-06-17,1.44,1.208,1.7,1.347,1.537,rt,
National,2026-06-18,1.434,1.204,1.691,1.346,1.53,rt,
National,2026-06-19,1.429,1.204,1.683,1.34,1.525,rt,
National,2026-06-20,1.422,1.199,1.683,1.332,1.52,rt,
National,2026-06-21,1.416,1.19,1.691,1.326,1.518,rt,
National,2026-06-22,1.429,1.199,1.688,1.337,1.525,rt,
National,2026-06-23,1.443,1.204,1.688,1.349,1.533,rt,
National,2026-06-24,1.453,1.215,1.692,1.36,1.54,rt,
National,2026-06-25,1.463,1.218,1.704,1.368,1.555,rt,
National,2026-06-26,1.475,1.22,1.721,1.376,1.568,rt,
National,2026-06-27,1.485,1.219,1.742,1.381,1.586,rt,
National,2026-06-28,1.493,1.221,1.767,1.382,1.605,rt,
National,2026-06-29,1.477,1.218,1.738,1.377,1.58,rt,
National,2026-06-30,1.459,1.208,1.71,1.367,1.554,rt,
National,2026-07-01,1.445,1.199,1.678,1.354,1.534,rt,
National,2026-07-02,1.429,1.195,1.651,1.343,1.516,rt,
National,2026-07-03,1.41,1.184,1.634,1.326,1.499,rt,
National,2026-07-04,1.393,1.171,1.626,1.31,1.482,rt,
National,2026-07-05,1.378,1.15,1.623,1.291,1.466,rt,
National,2026-07-06,1.368,1.152,1.594,1.288,1.453,rt,
National,2026-07-07,1.36,1.153,1.567,1.282,1.442,rt,
National,2026-07-08,1.353,1.151,1.546,1.276,1.431,rt,
National,2026-07-09,1.343,1.146,1.536,1.265,1.419,rt,
National,2026-07-10,1.337,1.141,1.528,1.257,1.408,rt,
National,2026-07-11,1.328,1.132,1.522,1.247,1.402,rt,
National,2026-07-12,1.319,1.117,1.522,1.235,1.397,rt,
National,2026-07-13,1.307,1.116,1.493,1.23,1.379,rt,
National,2026-07-14,1.296,1.114,1.468,1.227,1.364,rt,
National,2026-07-15,1.285,1.109,1.441,1.219,1.349,rt,
National,2026-07-16,1.272,1.101,1.424,1.208,1.336,rt,
National,2026-07-17,1.262,1.089,1.418,1.197,1.327,rt,
National,2026-07-18,1.25,1.076,1.414,1.183,1.318,rt,
National,2026-07-19,1.238,1.061,1.415,1.17,1.31,rt,
National,2026-07-20,1.23,1.064,1.388,1.165,1.294,rt,
National,2026-07-21,1.222,1.064,1.366,1.161,1.28,rt,
National,2026-07-22,1.212,1.06,1.352,1.155,1.267,rt,
National,2026-07-23,1.201,1.051,1.34,1.148,1.255,rt,
National,2026-07-24,1.192,1.045,1.331,1.136,1.247,rt,
National,2026-07-25,1.182,1.032,1.327,1.124,1.242,rt,
National,2026-07-26,1.172,1.018,1.325,1.11,1.237,rt,
National,2026-07-27,1.167,1.02,1.308,1.112,1.228,rt,
National,2026-07-28,1.163,1.023,1.292,1.11,1.22,rt,
National,2026-07-29,1.158,1.022,1.286,1.108,1.213,rt,
National,2026-07-30,1.155,1.017,1.284,1.102,1.207,rt,
National,2026-07-31,1.152,1.012,1.282,1.096,1.203,rt,
National,2026-08-01,1.147,0.998,1.281,1.089,1.203,rt,
National,2026-08-02,1.143,0.99,1.293,1.081,1.202,rt,
National,2026-08-03,1.139,0.993,1.276,1.081,1.194,rt,
National,2026-08-04,1.136,0.997,1.259,1.079,1.184,rt,
National,2026-08-05,1.133,0.999,1.246,1.079,1.177,rt,
National,2026-08-06,1.128,0.996,1.24,1.076,1.171,rt,
National,2026-08-07,1.121,0.991,1.243,1.072,1.169,rt,
National,2026-08-08,1.116,0.982,1.251,1.065,1.165,rt,
National,2026-08-09,1.111,0.971,1.264,1.057,1.165,rt,
National,2026-08-10,1.1,0.97,1.233,1.05,1.147,rt,
National,2026-08-11,1.086,0.967,1.201,1.043,1.13,rt,
National,2026-08-12,1.075,0.96,1.18,1.032,1.115,rt,
National,2026-08-13,1.062,0.951,1.168,1.021,1.101,rt,
National,2026-08-14,1.048,0.939,1.156,1.008,1.088,rt,
National,2026-08-15,1.036,0.925,1.146,0.995,1.078,rt,
National,2026-08-16,1.025,0.905,1.143,0.98,1.068,rt,
National,2026-08-17,1.02,0.909,1.125,0.979,1.061,rt,
National,2026-08-18,1.016,0.912,1.112,0.977,1.055,rt,
National,2026-08-19,1.012,0.914,1.104,0.974,1.048,rt,
National,2026-08-20,1.008,0.905,1.101,0.969,1.045,rt,
National,2026-08-21,1.004,0.896,1.1,0.962,1.044,rt,
National,2026-08-22,1.001,0.888,1.103,0.954,1.043,rt,
National,2026-08-23,0.997,0.873,1.111,0.945,1.043,rt,
National,2026-08-24,1.001,0.886,1.104,0.954,1.044,rt,
National,2026-08-25,1.005,0.899,1.101,0.962,1.044,rt,
National,2026-08-26,1.009,0.906,1.103,0.967,1.046,rt,
National,2026-08-27,1.012,0.915,1.108,0.972,1.05,rt,
National,2026-08-28,1.017,0.916,1.118,0.973,1.056,rt,
National,2026-08-29,1.021,0.916,1.132,0.974,1.064,rt,
National,2026-08-30,1.023,0.912,1.151,0.975,1.074,rt,
National,2026-08-31,1.02,0.916,1.133,0.976,1.066,rt,
National,2026-09-01,1.017,0.92,1.119,0.976,1.058,rt,
National,2026-09-02,1.014,0.92,1.114,0.977,1.051,rt,
National,2026-09-03,1.01,0.915,1.108,0.974,1.048,rt,
National,2026-09-04,1.008,0.908,1.105,0.968,1.046,rt,
National,2026-09-05,1.004,0.899,1.112,0.961,1.045,rt,
National,2026-09-06,1.001,0.888,1.121,0.955,1.045,rt,
National,2026-09-07,0.992,0.889,1.096,0.95,1.032,rt,
National,2026-09-08,0.984,0.888,1.077,0.944,1.02,rt,
National,2026-09-09,0.975,0.88,1.066,0.935,1.01,rt,
National,2026-09-10,0.965,0.872,1.055,0.924,1.003,rt,
National,2026-09-11,0.956,0.86,1.055,0.914,0.998,rt,
National,2026-09-12,0.948,0.842,1.057,0.903,0.994,rt,
National,2026-09-13,0.94,0.823,1.058,0.89,0.989,rt,
National,2026-09-14,0.936,0.823,1.053,0.888,0.982,rt,
National,2026-09-15,0.932,0.822,1.047,0.885,0.978,rt,
National,2026-09-16,0.928,0.82,1.045,0.882,0.974,rt,
National,2026-09-17,0.925,0.814,1.049,0.878,0.973,rt,
National,2026-09-18,0.924,0.802,1.051,0.872,0.972,rt,
National,2026-09-19,0.922,0.789,1.062,0.864,0.975,rt,
National,2026-09-20,0.918,0.773,1.07,0.857,0.976,rt,
National,2026-09-21,0.922,0.784,1.071,0.863,0.981,rt,
National,2026-09-22,0.927,0.786,1.078,0.869,0.988,rt,
National,2026-09-23,0.931,0.785,1.093,0.873,0.997,rt,
National,2026-09-24,0.938,0.781,1.113,0.876,1.005,rt,
National,2026-09-25,0.946,0.774,1.133,0.876,1.017,rt,
National,2026-09-26,0.951,0.772,1.159,0.876,1.031,rt,
National,2026-09-27,0.956,0.768,1.188,0.875,1.042,rt,
National,2026-09-28,0.957,0.764,1.195,0.877,1.044,rt,
National,2026-09-29,0.959,0.761,1.207,0.876,1.046,rt,
National,2026-09-30,0.959,0.756,1.217,0.878,1.049,rt,
National,2026-10-01,0.959,0.749,1.233,0.875,1.055,rt,
National,2026-10-02,0.96,0.74,1.254,0.873,1.059,rt,
National,2026-10-03,0.962,0.731,1.279,0.871,1.065,rt,
National,2026-10-04,0.962,0.72,1.305,0.867,1.073,rt,
National,2026-10-05,0.969,0.713,1.316,0.865,1.076,rt,
National,2026-10-06,0.972,0.68,1.354,0.858,1.089,rt,
Ituri,2026-08-18,,,,,,cases,479
Ituri,2026-08-25,,,,,,cases,359
Ituri,2026-09-01,,,,,,cases,354
Ituri,2026-09-08,,,,,,cases,357
Ituri,2026-09-15,,,,,,cases,290
Ituri,2026-09-22,,,,,,cases,250
Ituri,2026-09-29,,,,,,cases,249
Ituri,2026-10-06,,,,,,cases,263
Nord-Kivu,2026-08-18,,,,,,cases,117
Nord-Kivu,2026-08-25,,,,,,cases,108
Nord-Kivu,2026-09-01,,,,,,cases,135
Nord-Kivu,2026-09-08,,,,,,cases,205
Nord-Kivu,2026-09-15,,,,,,cases,230
Nord-Kivu,2026-09-22,,,,,,cases,126
Nord-Kivu,2026-09-29,,,,,,cases,121
Nord-Kivu,2026-10-06,,,,,,cases,215
Haut-Uele,2026-08-18,,,,,,cases,38
Haut-Uele,2026-08-25,,,,,,cases,36
Haut-Uele,2026-09-01,,,,,,cases,42
Haut-Uele,2026-09-08,,,,,,cases,27
Haut-Uele,2026-09-15,,,,,,cases,32
Haut-Uele,2026-09-22,,,,,,cases,26
Haut-Uele,2026-09-29,,,,,,cases,28
Haut-Uele,2026-10-06,,,,,,cases,20
Other provinces,2026-08-18,,,,,,cases,7
Other provinces,2026-08-25,,,,,,cases,2
Other provinces,2026-09-01,,,,,,cases,6
Other provinces,2026-09-08,,,,,,cases,4
Other provinces,2026-09-15,,,,,,cases,9
Other provinces,2026-09-22,,,,,,cases,14
Other provinces,2026-09-29,,,,,,cases,6
Other provinces,2026-10-06,,,,,,cases,6
National,2026-08-18,,,,,,cases,641
National,2026-08-25,,,,,,cases,505
National,2026-09-01,,,,,,cases,537
National,2026-09-08,,,,,,cases,593
National,2026-09-15,,,,,,cases,561
National,2026-09-22,,,,,,cases,416
National,2026-09-29,,,,,,cases,404
National,2026-10-06,,,,,,cases,504
Ituri,2026-08-18,,,,,,deaths,256
Ituri,2026-08-25,,,,,,deaths,175
Ituri,2026-09-01,,,,,,deaths,191
Ituri,2026-09-08,,,,,,deaths,157
Ituri,2026-09-15,,,,,,deaths,141
Ituri,2026-09-22,,,,,,deaths,129
Ituri,2026-09-29,,,,,,deaths,134
Ituri,2026-10-06,,,,,,deaths,122
Nord-Kivu,2026-08-18,,,,,,deaths,71
Nord-Kivu,2026-08-25,,,,,,deaths,72
Nord-Kivu,2026-09-01,,,,,,deaths,89
Nord-Kivu,2026-09-08,,,,,,deaths,108
Nord-Kivu,2026-09-15,,,,,,deaths,112
Nord-Kivu,2026-09-22,,,,,,deaths,56
Nord-Kivu,2026-09-29,,,,,,deaths,54
Nord-Kivu,2026-10-06,,,,,,deaths,90
Haut-Uele,2026-08-18,,,,,,deaths,18
Haut-Uele,2026-08-25,,,,,,deaths,20
Haut-Uele,2026-09-01,,,,,,deaths,12
Haut-Uele,2026-09-08,,,,,,deaths,6
Haut-Uele,2026-09-15,,,,,,deaths,11
Haut-Uele,2026-09-22,,,,,,deaths,12
Haut-Uele,2026-09-29,,,,,,deaths,14
Haut-Uele,2026-10-06,,,,,,deaths,9
Other provinces,2026-08-18,,,,,,deaths,3
Other provinces,2026-08-25,,,,,,deaths,1
Other provinces,2026-09-01,,,,,,deaths,3
Other provinces,2026-09-08,,,,,,deaths,0
Other provinces,2026-09-15,,,,,,deaths,3
Other provinces,2026-09-22,,,,,,deaths,5
Other provinces,2026-09-29,,,,,,deaths,1
Other provinces,2026-10-06,,,,,,deaths,2
National,2026-08-18,,,,,,deaths,348
National,2026-08-25,,,,,,deaths,268
National,2026-09-01,,,,,,deaths,295
National,2026-09-08,,,,,,deaths,271
National,2026-09-15,,,,,,deaths,267
National,2026-09-22,,,,,,deaths,202
National,2026-09-29,,,,,,deaths,203
National,2026-10-06,,,,,,deaths,223
National,2026-08-12,,,,,,isolation,634
National,2026-08-13,,,,,,isolation,749
National,2026-08-14,,,,,,isolation,777
National,2026-08-15,,,,,,isolation,730
National,2026-08-16,,,,,,isolation,751
National,2026-08-17,,,,,,isolation,782
National,2026-08-18,,,,,,isolation,730
National,2026-08-19,,,,,,isolation,837
National,2026-08-20,,,,,,isolation,737
National,2026-08-21,,,,,,isolation,798
National,2026-08-22,,,,,,isolation,808
National,2026-08-23,,,,,,isolation,846
National,2026-08-24,,,,,,isolation,792
National,2026-08-25,,,,,,isolation,770
National,2026-08-26,,,,,,isolation,843
National,2026-08-27,,,,,,isolation,795
National,2026-08-28,,,,,,isolation,896
National,2026-08-30,,,,,,isolation,814
National,2026-08-31,,,,,,isolation,830
National,2026-09-01,,,,,,isolation,869
National,2026-09-02,,,,,,isolation,770
National,2026-09-03,,,,,,isolation,738
National,2026-09-04,,,,,,isolation,817
National,2026-09-05,,,,,,isolation,851
National,2026-09-06,,,,,,isolation,819
National,2026-09-07,,,,,,isolation,813
National,2026-09-08,,,,,,isolation,833
National,2026-09-09,,,,,,isolation,823
National,2026-09-10,,,,,,isolation,837
National,2026-09-11,,,,,,isolation,855
National,2026-09-12,,,,,,isolation,923
National,2026-09-13,,,,,,isolation,905
National,2026-09-14,,,,,,isolation,938
National,2026-09-15,,,,,,isolation,930
National,2026-09-16,,,,,,isolation,905
National,2026-09-17,,,,,,isolation,930
National,2026-09-18,,,,,,isolation,909
National,2026-09-19,,,,,,isolation,886
National,2026-09-20,,,,,,isolation,821
National,2026-09-21,,,,,,isolation,839
National,2026-09-22,,,,,,isolation,885
National,2026-09-23,,,,,,isolation,893
National,2026-09-24,,,,,,isolation,848
National,2026-09-25,,,,,,isolation,828
National,2026-09-26,,,,,,isolation,773
National,2026-09-27,,,,,,isolation,803
National,2026-09-29,,,,,,isolation,851
National,2026-09-30,,,,,,isolation,842
National,2026-10-01,,,,,,isolation,869
National,2026-10-02,,,,,,isolation,846
National,2026-10-04,,,,,,isolation,896
National,2026-10-05,,,,,,isolation,890
National,2026-10-06,,,,,,isolation,1066
bas_uele,2026-08-20,,,,,,isolation,1
bas_uele,2026-08-24,,,,,,isolation,1
bas_uele,2026-08-25,,,,,,isolation,1
bas_uele,2026-08-27,,,,,,isolation,1
bas_uele,2026-08-28,,,,,,isolation,1
bas_uele,2026-09-11,,,,,,isolation,6
bas_uele,2026-09-12,,,,,,isolation,7
bas_uele,2026-09-13,,,,,,isolation,7
bas_uele,2026-09-14,,,,,,isolation,7
bas_uele,2026-09-16,,,,,,isolation,5
bas_uele,2026-09-17,,,,,,isolation,11
bas_uele,2026-09-18,,,,,,isolation,10
bas_uele,2026-09-20,,,,,,isolation,6
bas_uele,2026-09-21,,,,,,isolation,8
bas_uele,2026-09-22,,,,,,isolation,7
bas_uele,2026-09-23,,,,,,isolation,6
bas_uele,2026-09-24,,,,,,isolation,6
bas_uele,2026-09-25,,,,,,isolation,6
bas_uele,2026-09-26,,,,,,isolation,5
bas_uele,2026-09-27,,,,,,isolation,9
bas_uele,2026-09-28,,,,,,isolation,3
bas_uele,2026-09-29,,,,,,isolation,11
bas_uele,2026-09-30,,,,,,isolation,11
bas_uele,2026-10-01,,,,,,isolation,6
bas_uele,2026-10-02,,,,,,isolation,16
bas_uele,2026-10-04,,,,,,isolation,52
bas_uele,2026-10-05,,,,,,isolation,29
haut_uele,2026-08-12,,,,,,isolation,53
haut_uele,2026-08-13,,,,,,isolation,56
haut_uele,2026-08-14,,,,,,isolation,61
haut_uele,2026-08-17,,,,,,isolation,49
haut_uele,2026-08-18,,,,,,isolation,53
haut_uele,2026-08-19,,,,,,isolation,53
haut_uele,2026-08-21,,,,,,isolation,69
haut_uele,2026-08-22,,,,,,isolation,72
haut_uele,2026-08-23,,,,,,isolation,72
haut_uele,2026-08-24,,,,,,isolation,81
haut_uele,2026-08-25,,,,,,isolation,79
haut_uele,2026-08-26,,,,,,isolation,68
haut_uele,2026-08-28,,,,,,isolation,70
haut_uele,2026-08-29,,,,,,isolation,44
haut_uele,2026-09-01,,,,,,isolation,62
haut_uele,2026-09-02,,,,,,isolation,56
haut_uele,2026-09-03,,,,,,isolation,62
haut_uele,2026-09-04,,,,,,isolation,62
haut_uele,2026-09-05,,,,,,isolation,65
haut_uele,2026-09-06,,,,,,isolation,68
haut_uele,2026-09-07,,,,,,isolation,62
haut_uele,2026-09-08,,,,,,isolation,49
haut_uele,2026-09-09,,,,,,isolation,54
haut_uele,2026-09-10,,,,,,isolation,64
haut_uele,2026-09-11,,,,,,isolation,65
haut_uele,2026-09-12,,,,,,isolation,69
haut_uele,2026-09-13,,,,,,isolation,69
haut_uele,2026-09-14,,,,,,isolation,76
haut_uele,2026-09-15,,,,,,isolation,63
haut_uele,2026-09-16,,,,,,isolation,62
haut_uele,2026-09-17,,,,,,isolation,61
haut_uele,2026-09-18,,,,,,isolation,63
haut_uele,2026-09-19,,,,,,isolation,60
haut_uele,2026-09-20,,,,,,isolation,45
haut_uele,2026-09-21,,,,,,isolation,50
haut_uele,2026-09-22,,,,,,isolation,56
haut_uele,2026-09-23,,,,,,isolation,62
haut_uele,2026-09-24,,,,,,isolation,66
haut_uele,2026-09-25,,,,,,isolation,69
haut_uele,2026-09-26,,,,,,isolation,60
haut_uele,2026-09-27,,,,,,isolation,68
haut_uele,2026-09-29,,,,,,isolation,70
haut_uele,2026-09-30,,,,,,isolation,69
haut_uele,2026-10-01,,,,,,isolation,74
haut_uele,2026-10-02,,,,,,isolation,74
haut_uele,2026-10-04,,,,,,isolation,70
haut_uele,2026-10-05,,,,,,isolation,60
ituri,2026-08-12,,,,,,isolation,438
ituri,2026-08-13,,,,,,isolation,528
ituri,2026-08-14,,,,,,isolation,545
ituri,2026-08-15,,,,,,isolation,548
ituri,2026-08-16,,,,,,isolation,577
ituri,2026-08-17,,,,,,isolation,470
ituri,2026-08-18,,,,,,isolation,447
ituri,2026-08-19,,,,,,isolation,551
ituri,2026-08-20,,,,,,isolation,536
ituri,2026-08-21,,,,,,isolation,521
ituri,2026-08-22,,,,,,isolation,528
ituri,2026-08-23,,,,,,isolation,555
ituri,2026-08-24,,,,,,isolation,522
ituri,2026-08-25,,,,,,isolation,488
ituri,2026-08-26,,,,,,isolation,549
ituri,2026-08-27,,,,,,isolation,522
ituri,2026-08-28,,,,,,isolation,552
ituri,2026-08-29,,,,,,isolation,550
ituri,2026-08-30,,,,,,isolation,524
ituri,2026-08-31,,,,,,isolation,539
ituri,2026-09-01,,,,,,isolation,564
ituri,2026-09-02,,,,,,isolation,434
ituri,2026-09-03,,,,,,isolation,434
ituri,2026-09-04,,,,,,isolation,495
ituri,2026-09-05,,,,,,isolation,510
ituri,2026-09-06,,,,,,isolation,484
ituri,2026-09-07,,,,,,isolation,473
ituri,2026-09-08,,,,,,isolation,471
ituri,2026-09-09,,,,,,isolation,457
ituri,2026-09-10,,,,,,isolation,435
ituri,2026-09-11,,,,,,isolation,442
ituri,2026-09-12,,,,,,isolation,476
ituri,2026-09-13,,,,,,isolation,472
ituri,2026-09-14,,,,,,isolation,485
ituri,2026-09-15,,,,,,isolation,461
ituri,2026-09-16,,,,,,isolation,442
ituri,2026-09-17,,,,,,isolation,430
ituri,2026-09-18,,,,,,isolation,434
ituri,2026-09-19,,,,,,isolation,439
ituri,2026-09-20,,,,,,isolation,442
ituri,2026-09-21,,,,,,isolation,432
ituri,2026-09-22,,,,,,isolation,429
ituri,2026-09-23,,,,,,isolation,440
ituri,2026-09-24,,,,,,isolation,394
ituri,2026-09-25,,,,,,isolation,385
ituri,2026-09-26,,,,,,isolation,380
ituri,2026-09-27,,,,,,isolation,368
ituri,2026-09-28,,,,,,isolation,381
ituri,2026-09-29,,,,,,isolation,392
ituri,2026-09-30,,,,,,isolation,398
ituri,2026-10-01,,,,,,isolation,394
ituri,2026-10-02,,,,,,isolation,378
ituri,2026-10-04,,,,,,isolation,372
ituri,2026-10-05,,,,,,isolation,366
nord_kivu,2026-08-12,,,,,,isolation,180
nord_kivu,2026-08-13,,,,,,isolation,151
nord_kivu,2026-08-14,,,,,,isolation,165
nord_kivu,2026-08-15,,,,,,isolation,170
nord_kivu,2026-08-16,,,,,,isolation,170
nord_kivu,2026-08-17,,,,,,isolation,181
nord_kivu,2026-08-18,,,,,,isolation,205
nord_kivu,2026-08-19,,,,,,isolation,196
nord_kivu,2026-08-20,,,,,,isolation,169
nord_kivu,2026-08-21,,,,,,isolation,176
nord_kivu,2026-08-22,,,,,,isolation,167
nord_kivu,2026-08-23,,,,,,isolation,181
nord_kivu,2026-08-24,,,,,,isolation,178
nord_kivu,2026-08-25,,,,,,isolation,194
nord_kivu,2026-08-26,,,,,,isolation,214
nord_kivu,2026-08-27,,,,,,isolation,232
nord_kivu,2026-08-28,,,,,,isolation,236
nord_kivu,2026-08-30,,,,,,isolation,282
nord_kivu,2026-08-31,,,,,,isolation,283
nord_kivu,2026-09-01,,,,,,isolation,232
nord_kivu,2026-09-02,,,,,,isolation,261
nord_kivu,2026-09-03,,,,,,isolation,225
nord_kivu,2026-09-04,,,,,,isolation,237
nord_kivu,2026-09-05,,,,,,isolation,253
nord_kivu,2026-09-06,,,,,,isolation,262
nord_kivu,2026-09-07,,,,,,isolation,254
nord_kivu,2026-09-08,,,,,,isolation,287
nord_kivu,2026-09-09,,,,,,isolation,291
nord_kivu,2026-09-10,,,,,,isolation,311
nord_kivu,2026-09-11,,,,,,isolation,317
nord_kivu,2026-09-12,,,,,,isolation,342
nord_kivu,2026-09-13,,,,,,isolation,332
nord_kivu,2026-09-14,,,,,,isolation,348
nord_kivu,2026-09-15,,,,,,isolation,373
nord_kivu,2026-09-16,,,,,,isolation,376
nord_kivu,2026-09-17,,,,,,isolation,403
nord_kivu,2026-09-18,,,,,,isolation,392
nord_kivu,2026-09-19,,,,,,isolation,376
nord_kivu,2026-09-20,,,,,,isolation,316
nord_kivu,2026-09-21,,,,,,isolation,338
nord_kivu,2026-09-22,,,,,,isolation,377
nord_kivu,2026-09-23,,,,,,isolation,369
nord_kivu,2026-09-24,,,,,,isolation,365
nord_kivu,2026-09-25,,,,,,isolation,351
nord_kivu,2026-09-26,,,,,,isolation,328
nord_kivu,2026-09-27,,,,,,isolation,345
nord_kivu,2026-09-28,,,,,,isolation,366
nord_kivu,2026-09-29,,,,,,isolation,365
nord_kivu,2026-09-30,,,,,,isolation,360
nord_kivu,2026-10-01,,,,,,isolation,383
nord_kivu,2026-10-02,,,,,,isolation,364
nord_kivu,2026-10-04,,,,,,isolation,382
nord_kivu,2026-10-05,,,,,,isolation,417
sud_kivu,2026-08-12,,,,,,isolation,11
sud_kivu,2026-08-13,,,,,,isolation,6
sud_kivu,2026-08-14,,,,,,isolation,6
sud_kivu,2026-08-15,,,,,,isolation,7
sud_kivu,2026-08-17,,,,,,isolation,14
sud_kivu,2026-08-18,,,,,,isolation,20
sud_kivu,2026-08-19,,,,,,isolation,25
sud_kivu,2026-08-20,,,,,,isolation,25
sud_kivu,2026-08-21,,,,,,isolation,27
sud_kivu,2026-08-22,,,,,,isolation,29
sud_kivu,2026-08-23,,,,,,isolation,30
sud_kivu,2026-08-27,,,,,,isolation,26
sud_kivu,2026-08-28,,,,,,isolation,26
sud_kivu,2026-08-29,,,,,,isolation,15
sud_kivu,2026-08-31,,,,,,isolation,8
sud_kivu,2026-09-01,,,,,,isolation,8
sud_kivu,2026-09-04,,,,,,isolation,16
sud_kivu,2026-09-05,,,,,,isolation,17
sud_kivu,2026-09-07,,,,,,isolation,20
sud_kivu,2026-09-08,,,,,,isolation,19
sud_kivu,2026-09-09,,,,,,isolation,18
sud_kivu,2026-09-10,,,,,,isolation,18
sud_kivu,2026-09-11,,,,,,isolation,16
sud_kivu,2026-09-13,,,,,,isolation,17
sud_kivu,2026-09-14,,,,,,isolation,16
sud_kivu,2026-09-15,,,,,,isolation,16
sud_kivu,2026-09-16,,,,,,isolation,13
sud_kivu,2026-09-17,,,,,,isolation,13
sud_ubangi,2026-09-24,,,,,,isolation,2
tshopo,2026-08-12,,,,,,isolation,5
tshopo,2026-08-13,,,,,,isolation,8
tshopo,2026-08-15,,,,,,isolation,8
tshopo,2026-08-16,,,,,,isolation,5
tshopo,2026-08-18,,,,,,isolation,5
tshopo,2026-08-19,,,,,,isolation,5
tshopo,2026-08-20,,,,,,isolation,6
tshopo,2026-08-21,,,,,,isolation,5
tshopo,2026-08-22,,,,,,isolation,4
tshopo,2026-08-23,,,,,,isolation,7
tshopo,2026-08-24,,,,,,isolation,10
tshopo,2026-08-25,,,,,,isolation,8
tshopo,2026-08-26,,,,,,isolation,11
tshopo,2026-08-28,,,,,,isolation,11
tshopo,2026-08-29,,,,,,isolation,10
tshopo,2026-08-30,,,,,,isolation,7
tshopo,2026-09-01,,,,,,isolation,3
tshopo,2026-09-02,,,,,,isolation,7
tshopo,2026-09-03,,,,,,isolation,6
tshopo,2026-09-04,,,,,,isolation,7
tshopo,2026-09-05,,,,,,isolation,6
tshopo,2026-09-06,,,,,,isolation,5
tshopo,2026-09-07,,,,,,isolation,4
tshopo,2026-09-08,,,,,,isolation,7
tshopo,2026-09-09,,,,,,isolation,3
tshopo,2026-09-10,,,,,,isolation,9
tshopo,2026-09-11,,,,,,isolation,9
tshopo,2026-09-12,,,,,,isolation,12
tshopo,2026-09-13,,,,,,isolation,8
tshopo,2026-09-14,,,,,,isolation,6
tshopo,2026-09-15,,,,,,isolation,6
tshopo,2026-09-16,,,,,,isolation,7
tshopo,2026-09-17,,,,,,isolation,12
tshopo,2026-09-18,,,,,,isolation,10
tshopo,2026-09-19,,,,,,isolation,11
tshopo,2026-09-20,,,,,,isolation,12
tshopo,2026-09-21,,,,,,isolation,11
tshopo,2026-09-22,,,,,,isolation,16
tshopo,2026-09-23,,,,,,isolation,16
tshopo,2026-09-24,,,,,,isolation,15
tshopo,2026-09-25,,,,,,isolation,17
tshopo,2026-09-27,,,,,,isolation,13
tshopo,2026-09-28,,,,,,isolation,9
tshopo,2026-09-29,,,,,,isolation,13
tshopo,2026-09-30,,,,,,isolation,4
tshopo,2026-10-01,,,,,,isolation,12
tshopo,2026-10-02,,,,,,isolation,14
tshopo,2026-10-04,,,,,,isolation,20
tshopo,2026-10-05,,,,,,isolation,18
National,2026-08-13,,,,,,beds,1287
National,2026-08-14,,,,,,beds,1281
National,2026-08-17,,,,,,beds,1280
National,2026-08-18,,,,,,beds,1313
National,2026-08-19,,,,,,beds,1313
National,2026-08-21,,,,,,beds,1315
National,2026-08-22,,,,,,beds,1315
National,2026-08-23,,,,,,beds,1315
National,2026-08-24,,,,,,beds,1328
National,2026-08-25,,,,,,beds,1318
National,2026-08-26,,,,,,beds,1318
National,2026-08-28,,,,,,beds,1346
National,2026-09-01,,,,,,beds,1368
National,2026-09-02,,,,,,beds,1343
National,2026-09-03,,,,,,beds,1351
National,2026-09-04,,,,,,beds,1376
National,2026-09-05,,,,,,beds,1376
National,2026-09-06,,,,,,beds,1351
National,2026-09-07,,,,,,beds,1351
National,2026-09-08,,,,,,beds,1362
National,2026-09-09,,,,,,beds,1368
National,2026-09-16,,,,,,beds,1435
National,2026-09-17,,,,,,beds,1437
National,2026-09-18,,,,,,beds,1412
National,2026-09-19,,,,,,beds,1412
National,2026-09-20,,,,,,beds,1412
National,2026-09-21,,,,,,beds,1492
National,2026-09-22,,,,,,beds,1492
National,2026-09-24,,,,,,beds,1550
National,2026-09-26,,,,,,beds,1507
bas_uele,2026-08-20,,,,,,beds,3
bas_uele,2026-08-28,,,,,,beds,3
haut_uele,2026-08-12,,,,,,beds,78
haut_uele,2026-08-13,,,,,,beds,84
haut_uele,2026-08-14,,,,,,beds,84
haut_uele,2026-08-17,,,,,,beds,78
haut_uele,2026-08-18,,,,,,beds,130
haut_uele,2026-08-19,,,,,,beds,130
haut_uele,2026-08-21,,,,,,beds,130
haut_uele,2026-08-22,,,,,,beds,130
haut_uele,2026-08-23,,,,,,beds,130
haut_uele,2026-08-24,,,,,,beds,130
haut_uele,2026-08-25,,,,,,beds,120
haut_uele,2026-08-28,,,,,,beds,120
haut_uele,2026-08-29,,,,,,beds,120
haut_uele,2026-09-01,,,,,,beds,120
haut_uele,2026-09-02,,,,,,beds,120
haut_uele,2026-09-03,,,,,,beds,128
haut_uele,2026-09-04,,,,,,beds,128
haut_uele,2026-09-05,,,,,,beds,128
haut_uele,2026-09-06,,,,,,beds,128
haut_uele,2026-09-07,,,,,,beds,128
haut_uele,2026-09-08,,,,,,beds,134
haut_uele,2026-09-09,,,,,,beds,134
haut_uele,2026-09-10,,,,,,beds,134
haut_uele,2026-09-11,,,,,,beds,134
haut_uele,2026-09-12,,,,,,beds,134
haut_uele,2026-09-13,,,,,,beds,134
haut_uele,2026-09-14,,,,,,beds,136
haut_uele,2026-09-15,,,,,,beds,136
haut_uele,2026-09-16,,,,,,beds,136
haut_uele,2026-09-17,,,,,,beds,138
haut_uele,2026-09-18,,,,,,beds,138
haut_uele,2026-09-19,,,,,,beds,138
haut_uele,2026-09-20,,,,,,beds,138
haut_uele,2026-09-21,,,,,,beds,138
haut_uele,2026-09-22,,,,,,beds,138
haut_uele,2026-09-23,,,,,,beds,138
haut_uele,2026-09-24,,,,,,beds,138
haut_uele,2026-09-25,,,,,,beds,138
haut_uele,2026-09-26,,,,,,beds,138
haut_uele,2026-10-05,,,,,,beds,153
ituri,2026-08-12,,,,,,beds,973
ituri,2026-08-13,,,,,,beds,985
ituri,2026-08-14,,,,,,beds,991
ituri,2026-08-15,,,,,,beds,991
ituri,2026-08-16,,,,,,beds,991
ituri,2026-08-17,,,,,,beds,996
ituri,2026-08-18,,,,,,beds,965
ituri,2026-08-19,,,,,,beds,965
ituri,2026-08-20,,,,,,beds,965
ituri,2026-08-21,,,,,,beds,965
ituri,2026-08-22,,,,,,beds,965
ituri,2026-08-23,,,,,,beds,965
ituri,2026-08-24,,,,,,beds,978
ituri,2026-08-25,,,,,,beds,978
ituri,2026-08-26,,,,,,beds,978
ituri,2026-08-27,,,,,,beds,978
ituri,2026-08-28,,,,,,beds,978
ituri,2026-08-29,,,,,,beds,978
ituri,2026-08-30,,,,,,beds,978
ituri,2026-08-31,,,,,,beds,978
ituri,2026-09-01,,,,,,beds,978
ituri,2026-09-02,,,,,,beds,978
ituri,2026-09-03,,,,,,beds,978
ituri,2026-09-04,,,,,,beds,978
ituri,2026-09-05,,,,,,beds,978
ituri,2026-09-06,,,,,,beds,978
ituri,2026-09-07,,,,,,beds,978
ituri,2026-09-08,,,,,,beds,983
ituri,2026-09-09,,,,,,beds,989
ituri,2026-09-10,,,,,,beds,1005
ituri,2026-09-11,,,,,,beds,1007
ituri,2026-09-12,,,,,,beds,1015
ituri,2026-09-13,,,,,,beds,1015
ituri,2026-09-14,,,,,,beds,1015
ituri,2026-09-15,,,,,,beds,1015
ituri,2026-09-16,,,,,,beds,1015
ituri,2026-09-17,,,,,,beds,1015
ituri,2026-09-18,,,,,,beds,1015
ituri,2026-09-19,,,,,,beds,1015
ituri,2026-09-20,,,,,,beds,1015
ituri,2026-09-21,,,,,,beds,1015
ituri,2026-09-22,,,,,,beds,1015
ituri,2026-09-23,,,,,,beds,1015
ituri,2026-09-24,,,,,,beds,1015
ituri,2026-09-25,,,,,,beds,1015
ituri,2026-09-26,,,,,,beds,1015
nord_kivu,2026-08-13,,,,,,beds,206
nord_kivu,2026-08-14,,,,,,beds,206
nord_kivu,2026-08-15,,,,,,beds,206
nord_kivu,2026-08-16,,,,,,beds,206
nord_kivu,2026-08-17,,,,,,beds,206
nord_kivu,2026-08-18,,,,,,beds,206
nord_kivu,2026-08-19,,,,,,beds,206
nord_kivu,2026-08-20,,,,,,beds,206
nord_kivu,2026-08-21,,,,,,beds,206
nord_kivu,2026-08-22,,,,,,beds,206
nord_kivu,2026-08-23,,,,,,beds,206
nord_kivu,2026-08-24,,,,,,beds,206
nord_kivu,2026-08-25,,,,,,beds,206
nord_kivu,2026-08-26,,,,,,beds,206
nord_kivu,2026-08-27,,,,,,beds,220
nord_kivu,2026-08-28,,,,,,beds,220
nord_kivu,2026-08-30,,,,,,beds,220
nord_kivu,2026-08-31,,,,,,beds,220
nord_kivu,2026-09-01,,,,,,beds,220
nord_kivu,2026-09-02,,,,,,beds,220
nord_kivu,2026-09-03,,,,,,beds,220
nord_kivu,2026-09-04,,,,,,beds,220
nord_kivu,2026-09-05,,,,,,beds,220
nord_kivu,2026-09-06,,,,,,beds,220
nord_kivu,2026-09-07,,,,,,beds,220
nord_kivu,2026-09-08,,,,,,beds,220
nord_kivu,2026-09-09,,,,,,beds,220
nord_kivu,2026-09-16,,,,,,beds,228
nord_kivu,2026-09-17,,,,,,beds,228
nord_kivu,2026-09-18,,,,,,beds,228
nord_kivu,2026-09-19,,,,,,beds,228
nord_kivu,2026-09-20,,,,,,beds,228
nord_kivu,2026-09-21,,,,,,beds,308
nord_kivu,2026-09-22,,,,,,beds,308
nord_kivu,2026-09-24,,,,,,beds,354
nord_kivu,2026-09-26,,,,,,beds,354
nord_kivu,2026-10-05,,,,,,beds,365
sud_kivu,2026-08-31,,,,,,beds,25
sud_kivu,2026-09-01,,,,,,beds,25
sud_kivu,2026-09-04,,,,,,beds,25
sud_kivu,2026-09-05,,,,,,beds,25
sud_kivu,2026-09-13,,,,,,beds,25
sud_kivu,2026-09-14,,,,,,beds,25
sud_kivu,2026-09-15,,,,,,beds,25
sud_kivu,2026-09-16,,,,,,beds,25
sud_kivu,2026-09-17,,,,,,beds,25
sud_ubangi,2026-09-24,,,,,,beds,12
tshopo,2026-08-12,,,,,,beds,12
tshopo,2026-08-13,,,,,,beds,12
tshopo,2026-08-15,,,,,,beds,12
tshopo,2026-08-16,,,,,,beds,12
tshopo,2026-08-18,,,,,,beds,12
tshopo,2026-08-19,,,,,,beds,14
tshopo,2026-08-20,,,,,,beds,12
tshopo,2026-08-21,,,,,,beds,14
tshopo,2026-08-22,,,,,,beds,14
tshopo,2026-08-23,,,,,,beds,14
tshopo,2026-08-24,,,,,,beds,14
tshopo,2026-08-25,,,,,,beds,14
tshopo,2026-08-26,,,,,,beds,14
tshopo,2026-08-28,,,,,,beds,25
tshopo,2026-08-29,,,,,,beds,25
tshopo,2026-08-30,,,,,,beds,25
tshopo,2026-09-01,,,,,,beds,25
tshopo,2026-09-02,,,,,,beds,25
tshopo,2026-09-03,,,,,,beds,25
tshopo,2026-09-04,,,,,,beds,25
tshopo,2026-09-05,,,,,,beds,25
tshopo,2026-09-06,,,,,,beds,25
tshopo,2026-09-07,,,,,,beds,25
tshopo,2026-09-08,,,,,,beds,25
tshopo,2026-09-09,,,,,,beds,25
tshopo,2026-09-10,,,,,,beds,31
tshopo,2026-09-11,,,,,,beds,31
tshopo,2026-09-12,,,,,,beds,31
tshopo,2026-09-13,,,,,,beds,31
tshopo,2026-09-14,,,,,,beds,31
tshopo,2026-09-15,,,,,,beds,31
tshopo,2026-09-16,,,,,,beds,31
tshopo,2026-09-17,,,,,,beds,31
tshopo,2026-09-18,,,,,,beds,31
tshopo,2026-09-19,,,,,,beds,31
tshopo,2026-09-20,,,,,,beds,31
tshopo,2026-09-21,,,,,,beds,31
tshopo,2026-09-22,,,,,,beds,31
tshopo,2026-09-23,,,,,,beds,31
tshopo,2026-09-24,,,,,,beds,31
tshopo,2026-09-25,,,,,,beds,31
tshopo,2026-10-05,,,,,,beds,36
