release,made_date,stream,horizon,target_date,fit,observed,median,lo30,hi30,lo60,hi60,lo90,hi90
results-v1.4.0 (backfill),2026-06-07,confirmed cases,7,2026-06-14,baseline,258.0,241.5,208.0,262.0,175.8,293.2,116.95,336.0
results-v1.4.0 (backfill),2026-06-07,confirmed cases,7,2026-06-14,joint,258.0,527.0,94.5,938.8,0.0,1883.6,0.0,3766.75
results-v1.4.0 (backfill),2026-06-07,confirmed cases,14,2026-06-21,baseline,498.0,453.0,412.3,494.0,357.0,544.0,271.9,627.15
results-v1.4.0 (backfill),2026-06-07,confirmed cases,14,2026-06-21,joint,498.0,795.0,322.45,1690.05,0.0,2919.8,0.0,6939.65
results-v1.4.0 (backfill),2026-06-07,confirmed cases,21,2026-06-28,joint,724.0,1284.0,517.65,2694.7,0.0,4637.6,0.0,18554.55
results-v1.4.0 (backfill),2026-06-07,confirmed cases,28,2026-07-05,joint,1074.0,2205.5,935.65,3785.2,185.8,8493.6,0.0,38894.65
results-v1.5.0 (backfill),2026-06-10,confirmed cases,7,2026-06-17,baseline,220.0,296.0,272.65,320.35,242.8,347.0,189.0,413.25
results-v1.5.0 (backfill),2026-06-10,confirmed cases,7,2026-06-17,joint,220.0,469.0,64.55,910.75,0.0,1610.4,0.0,2939.75
results-v1.5.0 (backfill),2026-06-10,confirmed cases,14,2026-06-24,baseline,479.0,545.0,501.65,586.35,454.8,644.0,351.0,740.05
results-v1.5.0 (backfill),2026-06-10,confirmed cases,14,2026-06-24,joint,479.0,946.5,347.75,1647.15,0.0,2922.0,0.0,6202.55
results-v1.5.0 (backfill),2026-06-10,confirmed cases,21,2026-07-01,baseline,784.0,618.0,606.0,630.35,595.0,641.0,576.95,661.05
results-v1.5.0 (backfill),2026-06-10,confirmed cases,21,2026-07-01,joint,784.0,1991.5,1053.65,3147.05,307.8,5298.2,0.0,10617.8
results-v1.5.0 (backfill),2026-06-10,confirmed cases,28,2026-07-08,joint,1116.0,2994.5,1466.5,5175.1,558.2,9424.4,0.0,35573.6
results-v1.7.0 (backfill),2026-07-01,confirmed cases,7,2026-07-08,baseline,332.0,305.67,281.43,330.54,252.41,363.02,208.75,413.16
results-v1.7.0 (backfill),2026-07-01,confirmed cases,7,2026-07-08,joint,332.0,601.5,466.0,708.5,354.6,975.4,217.65,1430.35
results-v1.7.0 (backfill),2026-07-01,confirmed cases,14,2026-07-15,baseline,664.0,562.85,521.52,602.1,482.28,644.33,398.01,727.07
results-v1.7.0 (backfill),2026-07-01,confirmed cases,14,2026-07-15,joint,664.0,1658.5,1283.0,2178.05,826.6,3209.2,401.25,8372.7
results-v1.7.0 (backfill),2026-07-01,confirmed cases,21,2026-07-22,baseline,1173.0,780.7,730.56,829.33,678.85,877.2,594.8,981.4
results-v1.7.0 (backfill),2026-07-01,confirmed cases,21,2026-07-22,joint,1173.0,3199.5,2149.2,5533.7,1319.8,10628.6,496.35,47488.4
results-v1.7.0 (backfill),2026-07-01,confirmed cases,28,2026-07-29,baseline,1628.0,1081.18,1029.36,1139.03,953.32,1235.16,831.38,1377.14
results-v1.7.0 (backfill),2026-07-01,confirmed cases,28,2026-07-29,joint,1628.0,4968.0,2883.2,10190.5,1842.8,34601.2,738.1,512329.85
results-v1.8.0 (backfill),2026-07-06,confirmed cases,7,2026-07-13,baseline,303.0,372.89,343.22,403.42,309.23,430.4,255.8,488.4
results-v1.8.0 (backfill),2026-07-06,confirmed cases,7,2026-07-13,joint,303.0,541.5,422.65,651.35,341.0,792.0,180.95,1110.55
results-v1.8.0 (backfill),2026-07-06,confirmed cases,14,2026-07-20,baseline,765.0,609.83,570.11,646.25,521.97,698.74,437.89,790.06
results-v1.8.0 (backfill),2026-07-06,confirmed cases,14,2026-07-20,joint,765.0,1107.5,894.0,1395.6,704.0,1901.4,407.75,2952.0
results-v1.8.0 (backfill),2026-07-06,confirmed cases,21,2026-07-27,baseline,1380.0,864.67,819.0,911.23,760.52,970.97,644.34,1112.62
results-v1.8.0 (backfill),2026-07-06,confirmed cases,21,2026-07-27,joint,1380.0,1972.5,1483.25,2515.65,1030.4,3404.0,608.0,6686.45
results-v1.8.0 (backfill),2026-07-06,confirmed cases,28,2026-08-03,baseline,1894.0,1076.93,1031.74,1160.72,963.78,1236.42,856.04,1355.95
results-v1.8.0 (backfill),2026-07-06,confirmed cases,28,2026-08-03,joint,1894.0,2828.0,2104.45,3910.45,1463.2,6431.2,838.8,14394.4
results-v1.9.0 (backfill),2026-07-08,confirmed cases,7,2026-07-15,baseline,332.0,331.5,302.83,353.59,274.66,385.63,207.15,432.37
results-v1.9.0 (backfill),2026-07-08,confirmed cases,7,2026-07-15,joint,332.0,559.0,441.95,669.35,330.8,792.6,153.0,1233.0
results-v1.9.0 (backfill),2026-07-08,confirmed cases,14,2026-07-22,baseline,841.0,642.91,603.3,678.49,542.83,726.12,476.16,793.45
results-v1.9.0 (backfill),2026-07-08,confirmed cases,14,2026-07-22,joint,841.0,1180.0,943.25,1402.75,755.0,1736.2,418.5,2473.0
results-v1.9.0 (backfill),2026-07-08,confirmed cases,21,2026-07-29,baseline,1296.0,894.49,845.52,941.53,778.57,1004.44,672.69,1111.46
results-v1.9.0 (backfill),2026-07-08,confirmed cases,21,2026-07-29,joint,1296.0,2012.0,1583.0,2450.75,1194.4,3100.0,644.5,5008.85
results-v1.9.0 (backfill),2026-07-08,confirmed cases,28,2026-08-05,baseline,1989.0,1134.47,1069.28,1185.93,995.16,1248.57,901.76,1379.06
results-v1.9.0 (backfill),2026-07-08,confirmed cases,28,2026-08-05,joint,1989.0,3047.5,2514.7,3846.55,1839.6,4906.4,882.95,11655.95
results-1359,2026-07-23,confirmed cases,7,2026-07-30,baseline,632.0,573.0,548.94,596.78,513.88,636.0,449.0,700.05
results-1359,2026-07-23,confirmed cases,7,2026-07-30,confirmed,632.0,520.5,383.0,652.35,237.0,838.6,71.7,1667.25
results-1359,2026-07-23,confirmed cases,7,2026-07-30,joint,632.0,594.0,461.65,707.1,323.8,927.6,207.75,1434.55
results-1359,2026-07-23,confirmed cases,14,2026-08-06,baseline,1147.0,873.04,835.3,920.75,785.11,974.74,710.6,1051.78
results-1359,2026-07-23,confirmed cases,14,2026-08-06,confirmed,1147.0,1118.5,840.4,1420.05,561.6,1927.8,143.4,2698.8
results-1359,2026-07-23,confirmed cases,14,2026-08-06,joint,1147.0,1307.0,979.55,1656.5,732.0,2102.2,444.0,3097.7
results-1359,2026-07-23,confirmed cases,21,2026-08-13,baseline,1754.0,1180.23,1117.57,1238.37,1043.38,1303.51,940.75,1450.85
results-1359,2026-07-23,confirmed cases,21,2026-08-13,confirmed,1754.0,1792.0,1312.0,2476.7,768.4,3516.6,207.65,6022.45
results-1359,2026-07-23,confirmed cases,21,2026-08-13,joint,1754.0,2099.5,1660.65,2762.8,1256.0,3487.8,766.35,6051.85
results-1359,2026-07-23,confirmed cases,28,2026-08-20,baseline,2402.0,1496.27,1438.33,1558.97,1357.91,1622.95,1225.96,1733.78
results-1359,2026-07-23,confirmed cases,28,2026-08-20,confirmed,2402.0,2768.5,1638.65,3836.85,1034.6,5230.2,332.6,9332.75
results-1359,2026-07-23,confirmed cases,28,2026-08-20,joint,2402.0,3071.0,2292.15,3964.15,1686.8,5570.2,899.55,15486.6
results-1391,2026-07-25,confirmed cases,7,2026-08-01,baseline,548.0,572.39,544.3,597.35,512.0,635.37,437.84,673.33
results-1391,2026-07-25,confirmed cases,7,2026-08-01,confirmed,548.0,533.0,385.6,740.05,256.4,968.8,116.35,1615.2
results-1391,2026-07-25,confirmed cases,7,2026-08-01,joint,548.0,555.5,438.0,680.35,320.6,826.4,194.8,1192.65
results-1391,2026-07-25,confirmed cases,14,2026-08-08,baseline,1094.0,1000.17,967.4,1042.3,913.83,1112.49,803.37,1177.42
results-1391,2026-07-25,confirmed cases,14,2026-08-08,confirmed,1094.0,1181.5,817.2,1627.2,446.6,2237.0,152.6,3248.1
results-1391,2026-07-25,confirmed cases,14,2026-08-08,joint,1094.0,1126.0,926.55,1338.9,704.4,1758.8,405.85,2754.55
results-1391,2026-07-25,confirmed cases,21,2026-08-15,baseline,1745.0,1378.5,1316.53,1435.71,1236.07,1513.98,1106.98,1624.68
results-1391,2026-07-25,confirmed cases,21,2026-08-15,confirmed,1745.0,1730.0,1256.95,2417.05,758.8,3659.8,220.65,7650.6
results-1391,2026-07-25,confirmed cases,21,2026-08-15,joint,1745.0,1798.5,1540.5,2108.45,986.0,2871.0,651.15,4088.1
results-1391,2026-07-25,confirmed cases,28,2026-08-22,baseline,2314.0,1661.7,1557.25,1733.11,1450.48,1824.83,1330.78,1977.84
results-1391,2026-07-25,confirmed cases,28,2026-08-22,confirmed,2314.0,2588.5,1810.95,3680.35,1288.6,5335.8,356.05,10745.0
results-1391,2026-07-25,confirmed cases,28,2026-08-22,joint,2314.0,2531.5,2038.6,3081.65,1457.8,4677.2,771.95,10556.3
results-1394,2026-07-26,confirmed cases,7,2026-08-02,baseline,540.0,557.5,527.34,590.0,505.23,635.0,452.23,675.85
results-1394,2026-07-26,confirmed cases,7,2026-08-02,confirmed,540.0,443.5,337.95,568.0,226.6,779.8,85.0,1387.1
results-1394,2026-07-26,confirmed cases,7,2026-08-02,joint,540.0,598.0,495.6,710.4,367.2,836.6,208.85,1130.35
results-1394,2026-07-26,confirmed cases,14,2026-08-09,baseline,1119.0,1006.08,960.3,1055.8,894.34,1116.06,829.84,1230.37
results-1394,2026-07-26,confirmed cases,14,2026-08-09,confirmed,1119.0,943.0,681.65,1203.65,425.8,1764.0,111.8,3253.6
results-1394,2026-07-26,confirmed cases,14,2026-08-09,joint,1119.0,1070.5,864.3,1363.35,632.6,1633.0,395.9,2397.45
results-1394,2026-07-26,confirmed cases,21,2026-08-16,baseline,1759.0,1381.91,1310.96,1440.99,1246.48,1492.99,1140.78,1595.47
results-1394,2026-07-26,confirmed cases,21,2026-08-16,confirmed,1759.0,1702.0,1106.2,2091.5,696.6,3109.8,213.75,6820.35
results-1394,2026-07-26,confirmed cases,21,2026-08-16,joint,1759.0,1850.0,1518.15,2226.25,1121.2,2695.4,600.65,4750.5
results-1394,2026-07-26,confirmed cases,28,2026-08-23,baseline,2322.0,1728.16,1649.94,1800.98,1581.38,1872.59,1444.91,2047.48
results-1394,2026-07-26,confirmed cases,28,2026-08-23,confirmed,2322.0,2391.0,1632.65,3167.2,1059.4,4758.0,277.35,11959.05
results-1394,2026-07-26,confirmed cases,28,2026-08-23,joint,2322.0,2653.5,1962.25,3251.4,1322.6,4338.2,726.05,8920.25
results-1441,2026-07-27,confirmed cases,7,2026-08-03,baseline,514.0,614.17,582.65,643.22,542.8,673.37,488.84,727.98
results-1441,2026-07-27,confirmed cases,7,2026-08-03,confirmed,514.0,506.5,397.0,666.05,293.0,906.6,136.8,1392.5
results-1441,2026-07-27,confirmed cases,7,2026-08-03,joint,514.0,567.0,460.9,667.0,372.6,812.2,253.0,1142.4
results-1441,2026-07-27,confirmed cases,14,2026-08-10,baseline,1089.0,1088.68,1049.25,1134.59,997.45,1196.06,867.75,1268.0
results-1441,2026-07-27,confirmed cases,14,2026-08-10,confirmed,1089.0,1128.5,870.2,1484.05,627.4,1924.4,266.7,2757.2
results-1441,2026-07-27,confirmed cases,14,2026-08-10,joint,1089.0,1170.5,920.35,1464.8,723.6,1859.0,395.8,2764.7
results-1441,2026-07-27,confirmed cases,21,2026-08-17,baseline,1745.0,1378.76,1325.1,1429.5,1262.76,1495.13,1154.74,1618.09
results-1441,2026-07-27,confirmed cases,21,2026-08-17,confirmed,1745.0,1715.5,1320.55,2255.3,922.2,2875.2,426.2,4491.5
results-1441,2026-07-27,confirmed cases,21,2026-08-17,joint,1745.0,1758.0,1421.55,2237.7,1066.6,2931.0,633.8,5307.2
results-1441,2026-07-27,confirmed cases,28,2026-08-24,baseline,2296.0,1780.94,1698.75,1824.23,1599.39,1903.07,1446.57,2035.79
results-1441,2026-07-27,confirmed cases,28,2026-08-24,confirmed,2296.0,2649.5,1853.25,3455.35,1281.0,4617.2,580.85,7970.1
results-1441,2026-07-27,confirmed cases,28,2026-08-24,joint,2296.0,2644.5,2018.45,3533.55,1502.4,4722.2,835.35,9491.6
results-1446,2026-07-31,confirmed cases,7,2026-08-07,baseline,535.0,598.91,562.09,636.0,533.0,664.6,487.0,734.32
results-1446,2026-07-31,confirmed cases,7,2026-08-07,confirmed,535.0,539.0,389.95,798.45,278.8,1056.6,84.45,1855.7
results-1446,2026-07-31,confirmed cases,7,2026-08-07,joint,535.0,651.0,481.65,756.7,345.8,858.2,236.9,1250.7
results-1446,2026-07-31,confirmed cases,14,2026-08-14,baseline,1169.0,1141.09,1081.83,1187.65,1019.76,1229.1,936.44,1349.84
results-1446,2026-07-31,confirmed cases,14,2026-08-14,confirmed,1169.0,1305.0,814.9,1708.35,624.4,2210.2,190.8,4297.1
results-1446,2026-07-31,confirmed cases,14,2026-08-14,joint,1169.0,1142.0,925.3,1404.3,737.2,1739.2,400.45,2527.45
results-1446,2026-07-31,confirmed cases,21,2026-08-21,baseline,1784.0,1524.09,1468.82,1580.5,1379.96,1643.08,1278.23,1769.13
results-1446,2026-07-31,confirmed cases,21,2026-08-21,confirmed,1784.0,1946.5,1267.25,2803.45,940.4,3873.8,415.35,8972.3
results-1446,2026-07-31,confirmed cases,21,2026-08-21,joint,1784.0,2092.5,1619.05,2486.2,1248.2,3002.8,746.45,4671.8
results-1446,2026-07-31,confirmed cases,28,2026-08-28,baseline,2271.0,1863.09,1773.68,1933.69,1714.4,2034.2,1547.38,2166.76
results-1446,2026-07-31,confirmed cases,28,2026-08-28,confirmed,2271.0,3043.5,2090.25,4027.25,1315.2,5615.0,598.95,17293.7
results-1446,2026-07-31,confirmed cases,28,2026-08-28,joint,2271.0,2709.5,2101.25,3525.0,1555.6,4689.8,882.95,8479.05
results-v1.12.0,2026-08-01,confirmed cases,7,2026-08-08,baseline,546.0,548.57,518.3,574.38,482.8,609.43,434.6,677.24
results-v1.12.0,2026-08-01,confirmed cases,7,2026-08-08,confirmed,546.0,560.0,360.65,714.15,247.8,918.8,95.95,1498.15
results-v1.12.0,2026-08-01,confirmed cases,7,2026-08-08,joint,546.0,611.5,485.9,723.8,383.8,817.0,253.8,1150.75
results-v1.12.0,2026-08-01,confirmed cases,14,2026-08-15,baseline,1197.0,1131.91,1086.0,1180.95,1024.17,1223.3,942.55,1328.49
results-v1.12.0,2026-08-01,confirmed cases,14,2026-08-15,confirmed,1197.0,1236.0,897.25,1596.05,514.0,2077.2,195.5,3239.95
results-v1.12.0,2026-08-01,confirmed cases,14,2026-08-15,joint,1197.0,1172.5,941.75,1456.35,742.0,1749.2,469.85,2476.05
results-v1.12.0,2026-08-01,confirmed cases,21,2026-08-22,baseline,1766.0,1565.41,1519.07,1624.43,1458.87,1687.87,1344.98,1771.02
results-v1.12.0,2026-08-01,confirmed cases,21,2026-08-22,confirmed,1766.0,1887.0,1354.55,2568.55,794.0,3593.0,200.4,5898.05
results-v1.12.0,2026-08-01,confirmed cases,21,2026-08-22,joint,1766.0,1775.5,1348.3,2198.45,1087.4,2841.2,689.3,4916.1
results-v1.12.0,2026-08-01,confirmed cases,28,2026-08-29,baseline,2293.0,1905.3,1843.95,1972.36,1740.58,2083.42,1611.08,2200.95
results-v1.12.0,2026-08-01,confirmed cases,28,2026-08-29,confirmed,2293.0,2676.0,1736.75,3743.0,1055.0,5481.6,282.1,9323.5
results-v1.12.0,2026-08-01,confirmed cases,28,2026-08-29,joint,2293.0,2541.0,1884.15,3282.4,1338.6,4136.8,800.9,9006.0
results-1462,2026-08-02,confirmed cases,7,2026-08-09,baseline,579.0,544.5,505.06,568.47,475.8,602.32,432.96,661.05
results-1462,2026-08-02,confirmed cases,7,2026-08-09,confirmed,579.0,527.0,415.95,686.55,292.4,922.4,161.65,1706.5
results-1462,2026-08-02,confirmed cases,7,2026-08-09,joint,579.0,642.0,546.65,772.05,402.8,918.6,251.25,1217.2
results-1462,2026-08-02,confirmed cases,14,2026-08-16,baseline,1219.0,1097.91,1058.06,1145.35,984.52,1194.3,897.3,1301.07
results-1462,2026-08-02,confirmed cases,14,2026-08-16,confirmed,1219.0,1096.5,864.85,1438.15,599.0,1972.4,328.35,3360.95
results-1462,2026-08-02,confirmed cases,14,2026-08-16,joint,1219.0,1256.0,979.25,1484.55,778.6,1825.2,453.1,2619.25
results-1462,2026-08-02,confirmed cases,21,2026-08-23,baseline,1782.0,1567.83,1510.97,1628.42,1443.97,1689.34,1326.56,1814.66
results-1462,2026-08-02,confirmed cases,21,2026-08-23,confirmed,1782.0,1844.5,1468.45,2504.95,1043.0,3388.0,519.35,7353.75
results-1462,2026-08-02,confirmed cases,21,2026-08-23,joint,1782.0,1851.5,1518.7,2475.3,1222.4,3195.4,664.9,4813.4
results-1462,2026-08-02,confirmed cases,28,2026-08-30,baseline,2298.0,1904.18,1814.19,1981.16,1741.1,2075.86,1551.24,2208.54
results-1462,2026-08-02,confirmed cases,28,2026-08-30,confirmed,2298.0,2641.0,2047.0,3711.5,1516.8,4967.4,708.9,11492.55
results-1462,2026-08-02,confirmed cases,28,2026-08-30,joint,2298.0,2764.5,2135.45,3597.9,1495.2,5727.0,835.7,9259.95
results-1469,2026-08-03,confirmed cases,7,2026-08-10,baseline,575.0,440.33,403.0,474.35,362.2,496.07,311.66,567.25
results-1469,2026-08-03,confirmed cases,7,2026-08-10,confirmed,575.0,548.5,397.85,674.2,289.6,902.0,143.25,1480.2
results-1469,2026-08-03,confirmed cases,7,2026-08-10,joint,575.0,596.5,469.65,707.6,367.6,850.4,242.95,1162.4
results-1469,2026-08-03,confirmed cases,14,2026-08-17,baseline,1231.0,1063.52,1003.89,1105.38,961.2,1166.68,853.97,1261.18
results-1469,2026-08-03,confirmed cases,14,2026-08-17,confirmed,1231.0,1214.5,896.2,1561.15,580.8,2113.4,256.75,3172.2
results-1469,2026-08-03,confirmed cases,14,2026-08-17,joint,1231.0,1240.5,1024.05,1473.75,750.4,1821.2,533.3,2544.15
results-1469,2026-08-03,confirmed cases,21,2026-08-24,baseline,1782.0,1507.85,1425.95,1567.92,1370.79,1643.41,1234.8,1774.08
results-1469,2026-08-03,confirmed cases,21,2026-08-24,confirmed,1782.0,1961.5,1476.9,2535.55,952.4,3324.2,488.25,6142.6
results-1469,2026-08-03,confirmed cases,21,2026-08-24,joint,1782.0,1900.5,1488.75,2335.05,1117.6,2943.6,656.15,4695.15
results-1469,2026-08-03,confirmed cases,28,2026-08-31,baseline,2312.0,1833.5,1715.22,1922.59,1641.38,2019.12,1521.27,2158.17
results-1469,2026-08-03,confirmed cases,28,2026-08-31,confirmed,2312.0,2671.5,1955.7,3517.7,1307.8,5095.2,484.15,9180.9
results-1469,2026-08-03,confirmed cases,28,2026-08-31,joint,2312.0,2774.0,2011.0,3489.75,1528.2,4505.6,799.85,9263.1
results-1479,2026-08-04,confirmed cases,7,2026-08-11,baseline,594.0,615.37,580.71,646.0,549.47,679.0,478.29,733.15
results-1479,2026-08-04,confirmed cases,7,2026-08-11,confirmed,594.0,583.0,440.6,739.6,289.6,954.6,118.8,1423.65
results-1479,2026-08-04,confirmed cases,7,2026-08-11,joint,594.0,623.0,504.0,703.75,368.4,860.8,259.65,1233.7
results-1479,2026-08-04,confirmed cases,14,2026-08-18,baseline,1235.0,1174.41,1120.88,1221.99,1070.74,1266.4,958.14,1331.84
results-1479,2026-08-04,confirmed cases,14,2026-08-18,confirmed,1235.0,1227.0,870.15,1626.45,630.6,2298.4,190.3,3611.8
results-1479,2026-08-04,confirmed cases,14,2026-08-18,joint,1235.0,1246.0,965.55,1490.1,754.2,1822.0,492.35,2657.5
results-1479,2026-08-04,confirmed cases,21,2026-08-25,baseline,1740.0,1628.1,1572.67,1674.34,1498.89,1753.27,1313.55,1881.15
results-1479,2026-08-04,confirmed cases,21,2026-08-25,confirmed,1740.0,2010.5,1533.1,2561.05,1093.2,4073.8,415.65,6079.5
results-1479,2026-08-04,confirmed cases,21,2026-08-25,joint,1740.0,1826.0,1455.95,2170.7,1133.8,2890.0,691.65,4254.0
results-1489,2026-08-07,confirmed cases,7,2026-08-14,baseline,634.0,532.0,495.14,566.86,461.2,625.84,399.0,715.13
results-1489,2026-08-07,confirmed cases,7,2026-08-14,confirmed,634.0,526.0,407.65,691.4,270.4,936.2,126.65,1589.75
results-1489,2026-08-07,confirmed cases,7,2026-08-14,joint,634.0,573.0,444.85,665.35,343.0,825.0,227.2,1290.4
results-1489,2026-08-07,confirmed cases,14,2026-08-21,baseline,1249.0,1109.99,1078.6,1169.29,1034.11,1224.29,931.45,1358.23
results-1489,2026-08-07,confirmed cases,14,2026-08-21,confirmed,1249.0,1150.0,841.65,1542.7,627.0,2096.8,188.2,3084.85
results-1489,2026-08-07,confirmed cases,14,2026-08-21,joint,1249.0,1137.5,850.5,1398.1,673.8,1728.6,452.55,2728.0
results-1489,2026-08-07,confirmed cases,21,2026-08-28,baseline,1736.0,1677.73,1603.48,1751.36,1519.6,1822.56,1360.94,1943.25
results-1489,2026-08-07,confirmed cases,21,2026-08-28,confirmed,1736.0,1838.5,1346.1,2550.5,955.8,3326.0,377.6,6693.85
results-1489,2026-08-07,confirmed cases,21,2026-08-28,joint,1736.0,1676.0,1350.95,1988.4,1035.6,2630.2,563.15,4121.25
results-v1.13.2,2026-08-11,confirmed cases,7,2026-08-18,baseline,641.0,601.0,566.41,634.84,521.74,672.4,431.85,758.2
results-v1.13.2,2026-08-11,confirmed cases,7,2026-08-18,confirmed,641.0,572.5,442.3,754.35,277.2,973.8,115.25,1464.2
results-v1.13.2,2026-08-11,confirmed cases,7,2026-08-18,joint,641.0,557.0,473.65,675.35,360.6,796.6,248.0,1115.2
results-v1.13.2,2026-08-11,confirmed cases,14,2026-08-25,baseline,1146.0,1207.0,1146.54,1268.68,1091.65,1333.57,989.05,1410.08
results-v1.13.2,2026-08-11,confirmed cases,14,2026-08-25,confirmed,1146.0,1242.5,934.15,1544.5,637.2,2178.4,223.85,3628.75
results-v1.13.2,2026-08-11,confirmed cases,14,2026-08-25,joint,1146.0,1074.0,873.75,1255.75,683.6,1533.2,422.5,2255.6
results-1505,2026-08-15,confirmed cases,7,2026-08-22,baseline,569.0,657.87,615.65,679.54,578.63,726.83,503.38,816.62
results-1505,2026-08-15,confirmed cases,7,2026-08-22,confirmed,569.0,465.0,372.0,659.4,236.4,880.4,61.0,1413.55
results-1505,2026-08-15,confirmed cases,7,2026-08-22,joint,569.0,744.0,576.0,897.7,457.6,1045.0,300.85,1372.6
results-1505,2026-08-15,confirmed cases,14,2026-08-29,baseline,1096.0,1180.02,1136.74,1249.71,1082.4,1314.59,890.25,1420.62
results-1505,2026-08-15,confirmed cases,14,2026-08-29,confirmed,1096.0,1073.0,804.05,1474.45,483.6,1959.6,141.9,4136.55
results-1505,2026-08-15,confirmed cases,14,2026-08-29,joint,1096.0,1402.0,1136.25,1746.85,924.2,2102.2,589.35,3049.55
results-1527,2026-08-17,confirmed cases,7,2026-08-24,baseline,551.0,653.5,624.35,695.1,594.25,728.36,506.14,796.0
results-1527,2026-08-17,confirmed cases,7,2026-08-24,confirmed,551.0,466.0,331.85,611.35,210.4,822.2,44.85,1272.55
results-1527,2026-08-17,confirmed cases,7,2026-08-24,joint,551.0,706.5,560.8,828.45,434.8,1034.4,311.0,1540.75
results-1527,2026-08-17,confirmed cases,14,2026-08-31,baseline,1081.0,1256.79,1198.65,1322.36,1113.74,1405.8,977.8,1521.33
results-1527,2026-08-17,confirmed cases,14,2026-08-31,confirmed,1081.0,917.5,701.55,1241.05,470.0,1684.2,99.45,3054.2
results-1527,2026-08-17,confirmed cases,14,2026-08-31,joint,1081.0,1513.5,1304.25,1735.7,980.2,2247.8,689.6,3621.7
results-1573,2026-08-22,confirmed cases,7,2026-08-29,baseline,527.0,577.5,544.65,609.76,509.27,648.6,432.15,720.0
results-1573,2026-08-22,confirmed cases,7,2026-08-29,confirmed,527.0,571.0,422.65,778.05,271.6,1083.4,45.75,1604.35
results-1573,2026-08-22,confirmed cases,7,2026-08-29,joint,527.0,696.0,586.95,830.55,484.2,960.6,292.8,1262.15
results-1591,2026-08-24,confirmed cases,7,2026-08-31,baseline,530.0,553.85,513.95,582.28,470.8,634.91,400.95,686.7
results-1591,2026-08-24,confirmed cases,7,2026-08-31,confirmed,530.0,610.0,481.95,744.85,354.4,916.0,113.15,1384.95
results-1591,2026-08-24,confirmed cases,7,2026-08-31,joint,530.0,657.5,608.0,706.35,540.0,791.4,454.9,1017.05
results-v1.4.0 (backfill),2026-06-07,confirmed deaths,7,2026-06-14,baseline,91.0,55.0,41.65,68.0,25.0,81.2,0.0,106.0
results-v1.4.0 (backfill),2026-06-07,confirmed deaths,7,2026-06-14,joint,91.0,46.0,0.0,112.4,0.0,271.8,0.0,546.2
results-v1.4.0 (backfill),2026-06-07,confirmed deaths,14,2026-06-21,joint,166.0,115.5,29.65,231.7,0.0,440.0,0.0,1163.75
results-v1.4.0 (backfill),2026-06-07,confirmed deaths,21,2026-06-28,joint,259.0,242.0,91.65,453.7,0.0,861.4,0.0,2061.45
results-v1.4.0 (backfill),2026-06-07,confirmed deaths,28,2026-07-05,joint,420.0,353.5,145.3,723.7,18.0,1434.4,0.0,7402.15
results-v1.5.0 (backfill),2026-06-10,confirmed deaths,7,2026-06-17,baseline,96.0,71.5,61.0,82.0,47.0,94.0,20.0,118.1
results-v1.5.0 (backfill),2026-06-10,confirmed deaths,7,2026-06-17,joint,96.0,64.0,0.0,145.35,0.0,293.4,0.0,590.25
results-v1.5.0 (backfill),2026-06-10,confirmed deaths,14,2026-06-24,baseline,168.0,120.0,116.0,123.0,109.0,129.0,101.0,137.0
results-v1.5.0 (backfill),2026-06-10,confirmed deaths,14,2026-06-24,joint,168.0,211.0,78.0,371.0,5.8,551.0,0.0,1413.85
results-v1.5.0 (backfill),2026-06-10,confirmed deaths,21,2026-07-01,joint,316.0,352.0,158.3,659.7,52.8,1109.0,0.0,2874.5
results-v1.5.0 (backfill),2026-06-10,confirmed deaths,28,2026-07-08,joint,489.0,678.0,324.6,1107.85,126.8,1914.8,0.0,5778.4
results-v1.7.0 (backfill),2026-07-01,confirmed deaths,7,2026-07-08,baseline,173.0,149.0,134.72,161.86,118.02,178.37,93.3,208.23
results-v1.7.0 (backfill),2026-07-01,confirmed deaths,7,2026-07-08,joint,173.0,234.0,143.65,362.0,53.8,608.0,0.0,1279.75
results-v1.7.0 (backfill),2026-07-01,confirmed deaths,14,2026-07-15,baseline,376.0,225.02,207.45,245.91,188.82,263.85,158.02,296.94
results-v1.7.0 (backfill),2026-07-01,confirmed deaths,14,2026-07-15,joint,376.0,622.5,335.5,1117.5,159.8,2047.6,0.0,6989.05
results-v1.7.0 (backfill),2026-07-01,confirmed deaths,21,2026-07-22,baseline,643.0,316.91,294.6,335.0,269.8,363.21,221.92,425.23
results-v1.7.0 (backfill),2026-07-01,confirmed deaths,21,2026-07-22,joint,643.0,1461.5,664.15,2482.7,261.8,6681.4,16.15,46182.25
results-v1.7.0 (backfill),2026-07-01,confirmed deaths,28,2026-07-29,baseline,861.0,396.75,362.28,424.48,325.05,459.53,245.03,532.01
results-v1.7.0 (backfill),2026-07-01,confirmed deaths,28,2026-07-29,joint,861.0,2152.0,1091.25,5995.6,363.0,25658.4,0.0,629502.75
results-v1.8.0 (backfill),2026-07-06,confirmed deaths,7,2026-07-13,baseline,174.0,182.01,166.0,195.86,150.0,207.56,122.2,242.05
results-v1.8.0 (backfill),2026-07-06,confirmed deaths,7,2026-07-13,joint,174.0,28.0,0.0,100.05,0.0,186.4,0.0,334.2
results-v1.8.0 (backfill),2026-07-06,confirmed deaths,14,2026-07-20,baseline,419.0,300.95,282.54,319.0,258.01,343.16,214.03,384.03
results-v1.8.0 (backfill),2026-07-06,confirmed deaths,14,2026-07-20,joint,419.0,174.5,100.65,275.75,0.0,483.2,0.0,961.1
results-v1.8.0 (backfill),2026-07-06,confirmed deaths,21,2026-07-27,baseline,733.0,377.19,349.51,412.95,315.36,453.04,245.37,517.2
results-v1.8.0 (backfill),2026-07-06,confirmed deaths,21,2026-07-27,joint,733.0,302.5,175.6,532.7,19.8,958.0,0.0,2109.55
results-v1.8.0 (backfill),2026-07-06,confirmed deaths,28,2026-08-03,baseline,997.0,466.37,423.84,496.09,386.94,543.55,313.38,622.56
results-v1.8.0 (backfill),2026-07-06,confirmed deaths,28,2026-08-03,joint,997.0,485.5,260.65,867.45,90.0,1677.6,0.0,5063.4
results-v1.9.0 (backfill),2026-07-08,confirmed deaths,7,2026-07-15,baseline,203.0,174.0,159.08,187.07,143.96,207.4,121.95,233.1
results-v1.9.0 (backfill),2026-07-08,confirmed deaths,7,2026-07-15,joint,203.0,44.5,0.0,99.35,0.0,153.0,0.0,316.15
results-v1.9.0 (backfill),2026-07-08,confirmed deaths,14,2026-07-22,baseline,470.0,324.15,303.99,344.37,277.7,373.98,228.0,404.22
results-v1.9.0 (backfill),2026-07-08,confirmed deaths,14,2026-07-22,joint,470.0,211.0,153.65,311.0,64.4,420.6,0.0,799.0
results-v1.9.0 (backfill),2026-07-08,confirmed deaths,21,2026-07-29,baseline,688.0,394.8,359.77,420.2,320.53,454.51,265.11,512.07
results-v1.9.0 (backfill),2026-07-08,confirmed deaths,21,2026-07-29,joint,688.0,416.0,257.0,549.75,143.4,770.4,0.0,1674.3
results-v1.9.0 (backfill),2026-07-08,confirmed deaths,28,2026-08-05,baseline,1052.0,484.08,445.51,514.21,403.3,554.9,326.53,617.97
results-v1.9.0 (backfill),2026-07-08,confirmed deaths,28,2026-08-05,joint,1052.0,583.5,397.65,830.4,243.8,1239.8,0.0,4229.05
results-1359,2026-07-23,confirmed deaths,7,2026-07-30,baseline,278.0,309.0,294.71,324.19,278.22,339.4,249.9,374.14
results-1359,2026-07-23,confirmed deaths,7,2026-07-30,confirmed_deaths,278.0,423.5,284.0,562.2,193.8,794.0,79.65,1439.1
results-1359,2026-07-23,confirmed deaths,7,2026-07-30,joint,278.0,136.0,80.0,195.0,45.0,319.4,18.85,755.7
results-1359,2026-07-23,confirmed deaths,14,2026-08-06,baseline,578.0,494.81,468.6,513.06,434.37,534.2,388.75,587.19
results-1359,2026-07-23,confirmed deaths,14,2026-08-06,confirmed_deaths,578.0,1120.5,813.65,1599.05,559.6,2124.6,166.2,3410.25
results-1359,2026-07-23,confirmed deaths,14,2026-08-06,joint,578.0,257.0,161.9,424.35,79.8,727.0,31.9,2630.4
results-1359,2026-07-23,confirmed deaths,21,2026-08-13,baseline,905.0,648.0,617.24,685.43,577.17,734.99,502.72,816.41
results-1359,2026-07-23,confirmed deaths,21,2026-08-13,confirmed_deaths,905.0,2008.5,1520.15,2988.1,1060.8,3944.6,357.25,6817.5
results-1359,2026-07-23,confirmed deaths,21,2026-08-13,joint,905.0,409.0,239.9,631.5,142.6,1256.4,39.95,6154.75
results-1359,2026-07-23,confirmed deaths,28,2026-08-20,baseline,1248.0,815.57,772.92,855.94,718.6,907.65,619.37,991.25
results-1359,2026-07-23,confirmed deaths,28,2026-08-20,confirmed_deaths,1248.0,3577.0,2389.2,5015.7,1700.4,6693.6,635.2,12712.9
results-1359,2026-07-23,confirmed deaths,28,2026-08-20,joint,1248.0,661.5,424.6,1087.6,205.4,2397.8,27.95,9943.45
results-1391,2026-07-25,confirmed deaths,7,2026-08-01,baseline,252.0,296.64,279.04,316.49,266.8,335.82,246.45,370.0
results-1391,2026-07-25,confirmed deaths,7,2026-08-01,confirmed_deaths,252.0,291.0,205.3,380.1,140.2,513.2,46.9,801.7
results-1391,2026-07-25,confirmed deaths,7,2026-08-01,joint,252.0,107.5,76.95,165.7,47.0,280.2,11.0,647.25
results-1391,2026-07-25,confirmed deaths,14,2026-08-08,baseline,555.0,530.47,510.25,553.34,481.6,583.02,437.25,625.03
results-1391,2026-07-25,confirmed deaths,14,2026-08-08,confirmed_deaths,555.0,612.5,430.65,802.95,225.8,1212.4,87.2,2702.65
results-1391,2026-07-25,confirmed deaths,14,2026-08-08,joint,555.0,263.0,179.9,366.05,91.8,491.8,24.85,996.25
results-1391,2026-07-25,confirmed deaths,21,2026-08-15,baseline,920.0,718.94,678.63,753.66,641.68,808.6,576.52,876.68
results-1391,2026-07-25,confirmed deaths,21,2026-08-15,confirmed_deaths,920.0,1124.5,666.85,1515.2,469.8,2031.0,179.5,3945.75
results-1391,2026-07-25,confirmed deaths,21,2026-08-15,joint,920.0,386.0,252.95,556.7,131.2,964.4,38.95,2921.15
results-1391,2026-07-25,confirmed deaths,28,2026-08-22,baseline,1237.0,871.82,816.87,912.52,758.0,969.6,669.32,1064.56
results-1391,2026-07-25,confirmed deaths,28,2026-08-22,confirmed_deaths,1237.0,1724.0,1336.15,2420.2,823.2,3797.2,362.7,8678.15
results-1391,2026-07-25,confirmed deaths,28,2026-08-22,joint,1237.0,631.0,360.65,887.65,187.6,1398.8,36.9,5612.25
results-1394,2026-07-26,confirmed deaths,7,2026-08-02,baseline,270.0,299.5,284.43,314.53,265.93,331.0,244.78,358.1
results-1394,2026-07-26,confirmed deaths,7,2026-08-02,confirmed_deaths,270.0,297.5,213.3,381.0,129.4,511.4,36.95,906.0
results-1394,2026-07-26,confirmed deaths,7,2026-08-02,joint,270.0,115.5,76.0,170.35,49.0,223.0,13.95,469.9
results-1394,2026-07-26,confirmed deaths,14,2026-08-09,baseline,574.0,544.87,517.59,562.92,488.56,594.22,436.83,652.31
results-1394,2026-07-26,confirmed deaths,14,2026-08-09,confirmed_deaths,574.0,620.0,387.65,908.95,242.4,1225.2,80.5,2749.7
results-1394,2026-07-26,confirmed deaths,14,2026-08-09,joint,574.0,256.5,184.65,340.4,104.6,487.4,33.85,1192.35
results-1394,2026-07-26,confirmed deaths,21,2026-08-16,baseline,941.0,736.0,695.46,778.47,661.61,815.91,581.99,912.52
results-1394,2026-07-26,confirmed deaths,21,2026-08-16,confirmed_deaths,941.0,1150.0,631.2,1624.75,392.0,2391.4,105.9,4552.35
results-1394,2026-07-26,confirmed deaths,21,2026-08-16,joint,941.0,358.5,250.5,554.75,125.4,852.4,49.35,2608.4
results-1394,2026-07-26,confirmed deaths,28,2026-08-23,baseline,1243.0,896.55,848.98,947.54,811.7,1000.15,722.57,1097.15
results-1394,2026-07-26,confirmed deaths,28,2026-08-23,confirmed_deaths,1243.0,1747.5,1284.2,2616.45,634.8,3685.6,93.35,8076.8
results-1394,2026-07-26,confirmed deaths,28,2026-08-23,joint,1243.0,483.0,303.2,809.0,161.8,1429.0,46.85,4507.75
results-1441,2026-07-27,confirmed deaths,7,2026-08-03,baseline,264.0,316.69,298.25,330.49,280.0,353.04,251.93,386.69
results-1441,2026-07-27,confirmed deaths,7,2026-08-03,confirmed_deaths,264.0,306.0,203.65,431.35,143.4,585.6,50.0,1171.0
results-1441,2026-07-27,confirmed deaths,7,2026-08-03,joint,264.0,117.5,75.95,174.4,43.8,245.8,11.0,417.2
results-1441,2026-07-27,confirmed deaths,14,2026-08-10,baseline,574.0,559.18,538.0,582.99,514.32,606.2,461.83,657.0
results-1441,2026-07-27,confirmed deaths,14,2026-08-10,confirmed_deaths,574.0,761.5,565.6,1027.0,336.6,1443.4,135.0,2846.15
results-1441,2026-07-27,confirmed deaths,14,2026-08-10,joint,574.0,237.5,142.0,363.4,82.6,574.2,22.0,1228.25
results-1441,2026-07-27,confirmed deaths,21,2026-08-17,baseline,933.0,745.0,708.71,770.56,670.89,803.45,604.57,885.93
results-1441,2026-07-27,confirmed deaths,21,2026-08-17,confirmed_deaths,933.0,1199.5,806.85,1621.5,522.6,2539.0,178.15,6005.25
results-1441,2026-07-27,confirmed deaths,21,2026-08-17,joint,933.0,371.5,220.3,618.15,115.6,921.2,20.0,2326.25
results-1441,2026-07-27,confirmed deaths,28,2026-08-24,baseline,1228.0,917.97,862.23,973.07,817.33,1015.79,719.3,1095.54
results-1441,2026-07-27,confirmed deaths,28,2026-08-24,confirmed_deaths,1228.0,1722.5,1190.05,2708.7,710.2,4441.4,280.9,17506.0
results-1441,2026-07-27,confirmed deaths,28,2026-08-24,joint,1228.0,532.0,348.0,904.25,187.2,1454.8,25.95,5581.4
results-1446,2026-07-31,confirmed deaths,7,2026-08-07,baseline,295.0,265.16,254.0,280.1,235.84,304.0,196.59,338.0
results-1446,2026-07-31,confirmed deaths,7,2026-08-07,confirmed_deaths,295.0,281.5,189.25,420.35,108.6,596.4,26.95,999.85
results-1446,2026-07-31,confirmed deaths,7,2026-08-07,joint,295.0,126.0,79.3,177.35,49.8,246.4,9.95,482.65
results-1446,2026-07-31,confirmed deaths,14,2026-08-14,baseline,651.0,558.07,529.02,579.0,497.12,604.39,446.68,658.07
results-1446,2026-07-31,confirmed deaths,14,2026-08-14,confirmed_deaths,651.0,693.5,417.95,948.05,208.2,1397.6,62.95,2419.0
results-1446,2026-07-31,confirmed deaths,14,2026-08-14,joint,651.0,265.5,167.65,387.9,101.4,667.0,24.85,1212.2
results-1446,2026-07-31,confirmed deaths,21,2026-08-21,baseline,985.0,772.91,735.04,798.05,694.23,851.29,609.86,917.27
results-1446,2026-07-31,confirmed deaths,21,2026-08-21,confirmed_deaths,985.0,1242.0,670.1,1864.85,337.2,2318.4,78.65,5191.25
results-1446,2026-07-31,confirmed deaths,21,2026-08-21,joint,985.0,385.5,251.0,576.9,139.2,1078.2,31.15,2327.2
results-1446,2026-07-31,confirmed deaths,28,2026-08-28,baseline,1241.0,948.12,908.56,989.16,868.2,1048.34,773.33,1116.04
results-1446,2026-07-31,confirmed deaths,28,2026-08-28,confirmed_deaths,1241.0,1757.0,1029.55,2803.0,536.0,4152.4,107.0,13486.35
results-1446,2026-07-31,confirmed deaths,28,2026-08-28,joint,1241.0,483.0,330.65,834.55,208.0,1654.4,34.85,4562.7
results-v1.12.0,2026-08-01,confirmed deaths,7,2026-08-08,baseline,303.0,260.0,246.25,272.7,224.89,295.07,193.46,323.3
results-v1.12.0,2026-08-01,confirmed deaths,7,2026-08-08,confirmed_deaths,303.0,302.5,212.65,396.4,139.4,521.6,36.85,928.35
results-v1.12.0,2026-08-01,confirmed deaths,7,2026-08-08,joint,303.0,96.5,62.0,154.0,37.0,244.8,11.95,478.95
results-v1.12.0,2026-08-01,confirmed deaths,14,2026-08-15,baseline,668.0,547.61,524.65,571.56,496.87,592.74,460.71,648.42
results-v1.12.0,2026-08-01,confirmed deaths,14,2026-08-15,confirmed_deaths,668.0,663.0,437.0,952.7,270.2,1342.2,79.0,2073.25
results-v1.12.0,2026-08-01,confirmed deaths,14,2026-08-15,joint,668.0,218.0,143.3,312.1,82.8,526.4,26.9,965.2
results-v1.12.0,2026-08-01,confirmed deaths,21,2026-08-22,baseline,985.0,792.16,753.3,832.32,710.1,868.24,640.22,959.72
results-v1.12.0,2026-08-01,confirmed deaths,21,2026-08-22,confirmed_deaths,985.0,1170.5,802.2,1762.2,452.4,2637.8,121.0,4958.75
results-v1.12.0,2026-08-01,confirmed deaths,21,2026-08-22,joint,985.0,337.5,205.9,507.1,117.4,969.2,26.6,2347.1
results-v1.12.0,2026-08-01,confirmed deaths,28,2026-08-29,baseline,1254.0,981.32,926.64,1024.91,878.27,1079.14,780.25,1150.52
results-v1.12.0,2026-08-01,confirmed deaths,28,2026-08-29,confirmed_deaths,1254.0,1804.0,1184.65,2798.8,557.0,4150.8,153.6,8856.2
results-v1.12.0,2026-08-01,confirmed deaths,28,2026-08-29,joint,1254.0,393.5,253.65,666.0,128.0,1272.8,33.9,4173.75
results-1462,2026-08-02,confirmed deaths,7,2026-08-09,baseline,304.0,269.5,250.74,280.86,231.18,298.2,199.9,332.71
results-1462,2026-08-02,confirmed deaths,7,2026-08-09,confirmed_deaths,304.0,277.5,194.3,430.7,106.4,592.0,7.9,1127.3
results-1462,2026-08-02,confirmed deaths,7,2026-08-09,joint,304.0,134.0,97.0,201.0,56.0,275.6,16.8,596.25
results-1462,2026-08-02,confirmed deaths,14,2026-08-16,baseline,671.0,560.43,544.43,579.56,521.8,600.8,482.03,653.02
results-1462,2026-08-02,confirmed deaths,14,2026-08-16,confirmed_deaths,671.0,618.0,428.2,817.35,203.8,1297.8,5.9,2235.75
results-1462,2026-08-02,confirmed deaths,14,2026-08-16,joint,671.0,265.5,175.0,440.45,96.8,720.4,32.9,1777.65
results-1462,2026-08-02,confirmed deaths,21,2026-08-23,baseline,973.0,816.0,782.75,850.98,736.49,907.02,662.77,986.6
results-1462,2026-08-02,confirmed deaths,21,2026-08-23,confirmed_deaths,973.0,1074.0,681.3,1531.55,311.0,2207.6,42.1,4967.6
results-1462,2026-08-02,confirmed deaths,21,2026-08-23,joint,973.0,393.0,242.65,644.3,128.6,1080.8,57.85,2484.1
results-1462,2026-08-02,confirmed deaths,28,2026-08-30,baseline,1243.0,1020.73,970.27,1057.88,930.41,1119.93,850.12,1242.71
results-1462,2026-08-02,confirmed deaths,28,2026-08-30,confirmed_deaths,1243.0,1675.0,1178.65,2421.3,464.2,3433.2,41.25,9276.7
results-1462,2026-08-02,confirmed deaths,28,2026-08-30,joint,1243.0,556.5,366.8,1021.85,204.0,1835.4,50.65,5585.1
results-1469,2026-08-03,confirmed deaths,7,2026-08-10,baseline,310.0,221.61,206.0,234.78,190.79,251.97,158.99,290.5
results-1469,2026-08-03,confirmed deaths,7,2026-08-10,confirmed_deaths,310.0,252.0,179.0,361.3,121.8,509.2,24.95,835.55
results-1469,2026-08-03,confirmed deaths,7,2026-08-10,joint,310.0,114.0,72.95,162.35,34.8,315.6,7.9,602.6
results-1469,2026-08-03,confirmed deaths,14,2026-08-17,baseline,669.0,529.06,506.06,556.11,485.0,589.36,427.8,637.04
results-1469,2026-08-03,confirmed deaths,14,2026-08-17,confirmed_deaths,669.0,666.5,448.2,894.0,247.6,1323.2,65.95,2103.2
results-1469,2026-08-03,confirmed deaths,14,2026-08-17,joint,669.0,271.5,156.6,379.35,76.2,601.0,16.85,1620.95
results-1469,2026-08-03,confirmed deaths,21,2026-08-24,baseline,964.0,765.47,728.31,809.97,682.86,856.27,628.15,929.17
results-1469,2026-08-03,confirmed deaths,21,2026-08-24,confirmed_deaths,964.0,1105.5,674.6,1574.9,381.6,2191.0,113.5,3851.8
results-1469,2026-08-03,confirmed deaths,21,2026-08-24,joint,964.0,421.0,226.65,673.7,85.2,1092.4,17.9,3020.65
results-1469,2026-08-03,confirmed deaths,28,2026-08-31,baseline,1256.0,954.13,904.08,990.99,852.07,1056.53,752.41,1133.95
results-1469,2026-08-03,confirmed deaths,28,2026-08-31,confirmed_deaths,1256.0,1604.5,1028.9,2249.8,531.0,3286.0,158.95,6861.95
results-1469,2026-08-03,confirmed deaths,28,2026-08-31,joint,1256.0,589.0,297.25,922.75,136.0,1763.8,30.95,4369.05
results-1479,2026-08-04,confirmed deaths,7,2026-08-11,baseline,327.0,311.13,294.92,327.86,276.74,352.0,243.9,378.1
results-1479,2026-08-04,confirmed deaths,7,2026-08-11,confirmed_deaths,327.0,259.0,179.65,384.05,92.2,527.0,7.95,1051.55
results-1479,2026-08-04,confirmed deaths,7,2026-08-11,joint,327.0,113.5,74.0,157.35,45.8,233.2,7.0,519.1
results-1479,2026-08-04,confirmed deaths,14,2026-08-18,baseline,675.0,592.5,566.64,610.91,538.78,638.0,500.78,674.15
results-1479,2026-08-04,confirmed deaths,14,2026-08-18,confirmed_deaths,675.0,638.5,417.65,847.7,203.8,1179.8,21.8,2279.6
results-1479,2026-08-04,confirmed deaths,14,2026-08-18,joint,675.0,207.0,133.65,322.95,83.8,508.8,23.5,1132.55
results-1479,2026-08-04,confirmed deaths,21,2026-08-25,baseline,943.0,824.5,789.51,852.74,753.2,908.91,668.89,964.2
results-1479,2026-08-04,confirmed deaths,21,2026-08-25,confirmed_deaths,943.0,1003.0,620.35,1532.65,321.0,2378.0,47.35,4690.2
results-1479,2026-08-04,confirmed deaths,21,2026-08-25,joint,943.0,313.5,219.65,484.7,113.8,913.0,25.9,2055.05
results-1489,2026-08-07,confirmed deaths,7,2026-08-14,baseline,356.0,300.84,279.65,314.32,255.0,331.04,216.85,367.35
results-1489,2026-08-07,confirmed deaths,7,2026-08-14,confirmed_deaths,356.0,227.5,155.55,341.0,56.6,550.8,8.0,841.35
results-1489,2026-08-07,confirmed deaths,7,2026-08-14,joint,356.0,77.5,53.0,132.7,31.0,196.4,6.95,319.7
results-1489,2026-08-07,confirmed deaths,14,2026-08-21,baseline,690.0,560.0,540.56,575.99,511.46,599.18,459.96,645.46
results-1489,2026-08-07,confirmed deaths,14,2026-08-21,confirmed_deaths,690.0,588.0,309.25,809.05,124.8,1158.4,19.85,2374.65
results-1489,2026-08-07,confirmed deaths,14,2026-08-21,joint,690.0,168.5,109.65,254.1,59.8,400.4,9.85,855.4
results-1489,2026-08-07,confirmed deaths,21,2026-08-28,baseline,946.0,852.97,811.63,882.87,776.51,923.2,701.96,990.26
results-1489,2026-08-07,confirmed deaths,21,2026-08-28,confirmed_deaths,946.0,901.0,600.7,1456.85,232.2,1958.2,29.7,3754.95
results-1489,2026-08-07,confirmed deaths,21,2026-08-28,joint,946.0,246.5,154.25,403.4,78.6,638.8,22.8,1620.6
results-v1.13.2,2026-08-11,confirmed deaths,7,2026-08-18,baseline,348.0,320.66,298.65,337.19,278.27,357.0,244.16,405.06
results-v1.13.2,2026-08-11,confirmed deaths,7,2026-08-18,confirmed_deaths,348.0,235.0,145.65,342.1,76.8,529.2,9.0,1040.45
results-v1.13.2,2026-08-11,confirmed deaths,7,2026-08-18,joint,348.0,94.0,45.65,172.05,18.8,224.6,2.0,419.55
results-v1.13.2,2026-08-11,confirmed deaths,14,2026-08-25,baseline,616.0,639.84,612.0,665.0,567.99,698.75,507.97,749.03
results-v1.13.2,2026-08-11,confirmed deaths,14,2026-08-25,confirmed_deaths,616.0,507.0,302.0,750.4,152.6,1145.2,21.75,2601.55
results-v1.13.2,2026-08-11,confirmed deaths,14,2026-08-25,joint,616.0,186.5,84.6,293.7,33.0,483.4,3.9,900.0
results-1505,2026-08-15,confirmed deaths,7,2026-08-22,baseline,317.0,369.34,352.38,382.08,333.06,398.33,283.95,429.0
results-1505,2026-08-15,confirmed deaths,7,2026-08-22,confirmed_deaths,317.0,244.5,168.65,359.0,67.4,516.6,2.0,1041.3
results-1505,2026-08-15,confirmed deaths,7,2026-08-22,joint,317.0,190.0,133.65,271.35,83.2,429.2,33.9,833.4
results-1505,2026-08-15,confirmed deaths,14,2026-08-29,baseline,586.0,670.49,643.9,698.98,606.98,737.65,545.01,804.29
results-1505,2026-08-15,confirmed deaths,14,2026-08-29,confirmed_deaths,586.0,468.0,327.9,734.55,129.8,1116.2,4.85,2206.6
results-1505,2026-08-15,confirmed deaths,14,2026-08-29,joint,586.0,405.5,253.9,592.1,142.6,918.6,47.9,2004.4
results-1527,2026-08-17,confirmed deaths,7,2026-08-24,baseline,295.0,360.17,348.65,380.0,326.84,407.09,291.84,450.83
results-1527,2026-08-17,confirmed deaths,7,2026-08-24,confirmed_deaths,295.0,261.0,163.2,356.0,94.4,546.0,10.9,1313.9
results-1527,2026-08-17,confirmed deaths,7,2026-08-24,joint,295.0,183.0,128.0,291.25,78.2,434.2,27.9,849.25
results-1527,2026-08-17,confirmed deaths,14,2026-08-31,baseline,587.0,677.43,647.18,703.99,601.8,736.97,527.58,800.72
results-1527,2026-08-17,confirmed deaths,14,2026-08-31,confirmed_deaths,587.0,539.5,368.1,774.6,171.2,1237.0,16.0,2720.45
results-1527,2026-08-17,confirmed deaths,14,2026-08-31,joint,587.0,411.0,276.25,586.75,164.2,901.6,58.8,2804.45
results-1573,2026-08-22,confirmed deaths,7,2026-08-29,baseline,269.0,313.11,296.77,329.86,272.8,353.04,231.99,397.6
results-1573,2026-08-22,confirmed deaths,7,2026-08-29,confirmed_deaths,269.0,137.5,73.0,291.35,27.4,488.4,2.0,844.05
results-1573,2026-08-22,confirmed deaths,7,2026-08-29,joint,269.0,170.5,123.3,244.05,82.0,405.0,20.95,762.35
results-1591,2026-08-24,confirmed deaths,7,2026-08-31,baseline,292.0,296.79,277.22,315.84,261.8,338.0,234.58,377.2
results-1591,2026-08-24,confirmed deaths,7,2026-08-31,confirmed_deaths,292.0,136.0,66.0,199.7,26.0,384.4,4.95,668.7
results-1591,2026-08-24,confirmed deaths,7,2026-08-31,joint,292.0,315.0,288.0,342.35,267.0,370.2,226.95,435.15
results-v1.7.0 (backfill),2026-07-01,isolation beds,7,2026-07-08,baseline,764.0,638.16,610.13,669.04,567.27,702.46,511.34,763.56
results-v1.7.0 (backfill),2026-07-01,isolation beds,7,2026-07-08,joint,764.0,636.0,621.0,647.35,605.0,661.2,561.95,693.05
results-v1.7.0 (backfill),2026-07-01,isolation beds,14,2026-07-15,baseline,725.0,643.1,603.26,692.38,546.56,742.83,477.07,813.13
results-v1.7.0 (backfill),2026-07-01,isolation beds,14,2026-07-15,joint,725.0,631.5,617.0,645.35,593.0,660.0,419.95,693.05
results-v1.7.0 (backfill),2026-07-01,isolation beds,21,2026-07-22,baseline,722.0,643.5,573.0,688.83,521.36,754.09,417.17,859.89
results-v1.7.0 (backfill),2026-07-01,isolation beds,21,2026-07-22,joint,722.0,628.5,613.65,644.0,586.6,659.0,207.9,693.0
results-v1.7.0 (backfill),2026-07-01,isolation beds,28,2026-07-29,baseline,733.0,641.66,584.58,694.21,522.55,775.08,388.98,927.45
results-v1.7.0 (backfill),2026-07-01,isolation beds,28,2026-07-29,joint,733.0,626.0,608.0,642.0,524.8,658.2,40.8,688.1
results-v1.8.0 (backfill),2026-07-06,isolation beds,7,2026-07-13,baseline,753.0,623.76,591.0,656.98,560.21,689.63,489.45,748.42
results-v1.8.0 (backfill),2026-07-06,isolation beds,7,2026-07-13,joint,753.0,677.5,653.65,704.35,629.0,729.0,539.8,785.1
results-v1.8.0 (backfill),2026-07-06,isolation beds,14,2026-07-20,baseline,737.0,626.6,587.4,666.1,538.89,725.07,448.29,807.97
results-v1.8.0 (backfill),2026-07-06,isolation beds,14,2026-07-20,joint,737.0,672.0,649.0,700.35,615.6,730.0,444.55,796.05
results-v1.8.0 (backfill),2026-07-06,isolation beds,21,2026-07-27,baseline,733.0,620.26,575.91,669.59,520.04,727.78,411.63,836.04
results-v1.8.0 (backfill),2026-07-06,isolation beds,21,2026-07-27,joint,733.0,670.0,639.0,700.0,594.4,728.2,282.9,796.2
results-v1.8.0 (backfill),2026-07-06,isolation beds,28,2026-08-03,baseline,717.0,627.19,571.46,682.13,504.48,766.69,373.18,865.02
results-v1.8.0 (backfill),2026-07-06,isolation beds,28,2026-08-03,joint,717.0,667.0,637.0,696.0,471.2,727.2,149.0,788.4
results-v1.9.0 (backfill),2026-07-08,isolation beds,7,2026-07-15,baseline,725.0,765.62,730.65,796.28,693.98,831.95,622.97,889.0
results-v1.9.0 (backfill),2026-07-08,isolation beds,7,2026-07-15,joint,725.0,800.0,784.65,816.7,762.8,835.0,700.9,870.0
results-v1.9.0 (backfill),2026-07-08,isolation beds,14,2026-07-22,baseline,722.0,765.41,722.34,809.82,669.03,877.11,563.08,976.43
results-v1.9.0 (backfill),2026-07-08,isolation beds,14,2026-07-22,joint,722.0,800.0,786.0,820.0,762.8,836.2,668.8,869.05
results-v1.9.0 (backfill),2026-07-08,isolation beds,21,2026-07-29,baseline,733.0,758.24,711.71,804.81,646.83,868.41,539.42,985.27
results-v1.9.0 (backfill),2026-07-08,isolation beds,21,2026-07-29,joint,733.0,799.0,786.0,818.35,757.8,836.0,541.8,871.0
results-v1.9.0 (backfill),2026-07-08,isolation beds,28,2026-08-05,baseline,694.0,763.85,690.38,825.13,614.3,900.68,493.42,1017.7
results-v1.9.0 (backfill),2026-07-08,isolation beds,28,2026-08-05,joint,694.0,798.0,781.65,816.7,752.0,836.0,436.95,871.0
results-1359,2026-07-23,isolation beds,7,2026-07-30,baseline,748.0,774.0,745.61,802.28,721.07,825.14,667.34,888.23
results-1359,2026-07-23,isolation beds,7,2026-07-30,joint,748.0,860.5,822.95,894.35,767.6,926.2,639.9,965.1
results-1359,2026-07-23,isolation beds,7,2026-07-30,treatment,748.0,656.0,566.3,713.15,328.4,824.4,171.5,976.1
results-1359,2026-07-23,isolation beds,14,2026-08-06,baseline,721.0,759.11,731.29,799.36,692.5,850.57,624.97,915.04
results-1359,2026-07-23,isolation beds,14,2026-08-06,joint,721.0,879.5,842.55,909.0,726.8,941.4,541.85,985.2
results-1359,2026-07-23,isolation beds,14,2026-08-06,treatment,721.0,676.0,594.65,750.35,433.2,839.6,200.45,988.25
results-1359,2026-07-23,isolation beds,21,2026-08-13,baseline,749.0,773.91,716.81,813.85,657.52,866.43,566.96,961.06
results-1359,2026-07-23,isolation beds,21,2026-08-13,joint,749.0,884.0,830.65,912.35,671.6,944.2,382.85,989.2
results-1359,2026-07-23,isolation beds,21,2026-08-13,treatment,749.0,699.0,635.3,771.35,563.6,838.2,249.6,976.6
results-1359,2026-07-23,isolation beds,28,2026-08-20,baseline,737.0,770.33,726.42,830.69,655.0,902.81,537.21,1006.32
results-1359,2026-07-23,isolation beds,28,2026-08-20,joint,737.0,885.0,842.55,913.0,632.4,948.0,277.8,989.2
results-1359,2026-07-23,isolation beds,28,2026-08-20,treatment,737.0,726.0,669.65,786.35,614.2,875.6,378.15,1033.15
results-1391,2026-07-25,isolation beds,7,2026-08-01,baseline,690.0,774.44,744.31,800.35,705.46,825.93,654.44,889.35
results-1391,2026-07-25,isolation beds,7,2026-08-01,joint,690.0,853.5,814.95,886.35,740.6,920.0,621.7,983.05
results-1391,2026-07-25,isolation beds,7,2026-08-01,treatment,690.0,693.0,604.95,761.35,406.4,816.8,170.8,979.4
results-1391,2026-07-25,isolation beds,14,2026-08-08,baseline,722.0,769.16,733.95,804.78,699.48,847.31,632.71,919.61
results-1391,2026-07-25,isolation beds,14,2026-08-08,joint,722.0,878.0,841.65,905.0,718.8,935.2,521.75,992.1
results-1391,2026-07-25,isolation beds,14,2026-08-08,treatment,722.0,707.5,624.95,769.0,445.4,835.6,184.85,1006.0
results-1391,2026-07-25,isolation beds,21,2026-08-15,baseline,730.0,765.7,726.24,810.49,673.65,884.58,592.8,992.19
results-1391,2026-07-25,isolation beds,21,2026-08-15,joint,730.0,878.0,813.55,908.35,679.0,940.2,366.95,1005.1
results-1391,2026-07-25,isolation beds,21,2026-08-15,treatment,730.0,729.0,676.95,778.7,579.8,833.0,280.75,1006.0
results-1391,2026-07-25,isolation beds,28,2026-08-22,baseline,808.0,782.2,742.03,833.31,683.51,895.14,570.84,1022.27
results-1391,2026-07-25,isolation beds,28,2026-08-22,joint,808.0,875.5,807.3,906.7,565.6,940.2,213.35,1007.2
results-1391,2026-07-25,isolation beds,28,2026-08-22,treatment,808.0,723.0,660.3,781.35,555.6,829.0,219.0,1044.25
results-1394,2026-07-26,isolation beds,7,2026-08-02,baseline,707.0,730.5,698.47,753.0,665.8,792.91,598.54,851.36
results-1394,2026-07-26,isolation beds,7,2026-08-02,joint,707.0,848.0,792.65,883.0,719.8,913.2,610.95,970.05
results-1394,2026-07-26,isolation beds,7,2026-08-02,treatment,707.0,693.5,556.0,759.7,287.0,835.6,149.25,955.1
results-1394,2026-07-26,isolation beds,14,2026-08-09,baseline,704.0,723.38,683.82,757.59,627.8,798.68,551.29,881.74
results-1394,2026-07-26,isolation beds,14,2026-08-09,joint,704.0,868.0,818.25,907.0,704.6,935.4,478.8,997.1
results-1394,2026-07-26,isolation beds,14,2026-08-09,treatment,704.0,720.0,637.65,775.75,471.6,856.0,167.95,962.65
results-1394,2026-07-26,isolation beds,21,2026-08-16,baseline,751.0,725.85,680.58,755.94,626.61,818.78,529.71,938.68
results-1394,2026-07-26,isolation beds,21,2026-08-16,joint,751.0,872.5,811.95,910.35,652.8,939.2,355.05,996.05
results-1394,2026-07-26,isolation beds,21,2026-08-16,treatment,751.0,741.5,666.25,793.75,517.4,875.2,233.1,975.05
results-1394,2026-07-26,isolation beds,28,2026-08-23,baseline,846.0,731.7,655.01,779.17,587.64,826.32,505.74,950.56
results-1394,2026-07-26,isolation beds,28,2026-08-23,joint,846.0,872.5,782.2,910.35,515.4,942.4,217.65,997.65
results-1394,2026-07-26,isolation beds,28,2026-08-23,treatment,846.0,741.5,647.3,802.9,405.0,880.2,207.0,976.0
results-1441,2026-07-27,isolation beds,7,2026-08-03,baseline,717.0,723.24,704.53,753.85,663.87,791.5,600.29,840.38
results-1441,2026-07-27,isolation beds,7,2026-08-03,joint,717.0,844.5,781.3,892.7,715.4,927.0,560.8,970.15
results-1441,2026-07-27,isolation beds,7,2026-08-03,treatment,717.0,703.0,628.45,778.05,371.0,861.6,146.85,1015.1
results-1441,2026-07-27,isolation beds,14,2026-08-10,baseline,716.0,714.97,684.69,756.8,649.23,803.78,562.8,872.31
results-1441,2026-07-27,isolation beds,14,2026-08-10,joint,716.0,876.0,794.65,917.0,681.4,953.0,495.45,999.05
results-1441,2026-07-27,isolation beds,14,2026-08-10,treatment,716.0,691.5,588.15,767.35,310.2,833.6,109.0,1002.2
results-1441,2026-07-27,isolation beds,21,2026-08-17,baseline,782.0,735.8,699.39,792.36,622.14,841.61,474.3,965.26
results-1441,2026-07-27,isolation beds,21,2026-08-17,joint,782.0,888.5,790.3,920.35,653.8,954.2,329.7,1009.0
results-1441,2026-07-27,isolation beds,21,2026-08-17,treatment,782.0,720.5,649.65,789.8,491.8,864.2,234.05,1027.0
results-1441,2026-07-27,isolation beds,28,2026-08-24,baseline,792.0,742.5,687.86,795.71,619.76,868.3,486.31,1009.9
results-1441,2026-07-27,isolation beds,28,2026-08-24,joint,792.0,895.5,813.4,926.35,536.8,955.0,202.7,1000.2
results-1441,2026-07-27,isolation beds,28,2026-08-24,treatment,792.0,718.5,654.65,784.4,516.4,855.8,186.65,967.8
results-1446,2026-07-31,isolation beds,7,2026-08-07,baseline,721.0,746.0,720.56,780.59,693.82,811.1,641.97,861.0
results-1446,2026-07-31,isolation beds,7,2026-08-07,joint,721.0,822.5,772.85,901.75,715.4,953.4,548.6,1043.25
results-1446,2026-07-31,isolation beds,7,2026-08-07,treatment,721.0,683.0,521.55,765.7,325.2,874.4,147.9,1055.8
results-1446,2026-07-31,isolation beds,14,2026-08-14,baseline,777.0,750.0,709.24,798.12,664.44,843.8,593.06,910.81
results-1446,2026-07-31,isolation beds,14,2026-08-14,joint,777.0,894.5,805.65,966.0,681.2,1016.4,474.9,1082.3
results-1446,2026-07-31,isolation beds,14,2026-08-14,treatment,777.0,708.5,595.05,802.4,299.2,887.4,176.0,1055.8
results-1446,2026-07-31,isolation beds,21,2026-08-21,baseline,798.0,773.35,728.27,810.11,653.97,865.91,536.12,944.25
results-1446,2026-07-31,isolation beds,21,2026-08-21,joint,798.0,932.5,805.0,993.0,661.0,1038.2,338.7,1100.35
results-1446,2026-07-31,isolation beds,21,2026-08-21,treatment,798.0,707.5,593.15,801.7,384.6,895.4,151.5,1069.1
results-1446,2026-07-31,isolation beds,28,2026-08-28,baseline,896.0,759.66,695.76,804.23,624.35,861.9,515.18,1008.52
results-1446,2026-07-31,isolation beds,28,2026-08-28,joint,896.0,947.5,778.6,994.4,530.8,1038.2,211.6,1097.15
results-1446,2026-07-31,isolation beds,28,2026-08-28,treatment,896.0,753.5,664.0,827.7,440.4,914.6,189.85,1101.1
results-v1.12.0,2026-08-01,isolation beds,7,2026-08-08,baseline,722.0,688.28,660.14,705.31,629.87,733.26,572.69,819.45
results-v1.12.0,2026-08-01,isolation beds,7,2026-08-08,joint,722.0,788.5,734.6,855.35,670.4,938.2,584.85,1053.0
results-v1.12.0,2026-08-01,isolation beds,7,2026-08-08,treatment,722.0,711.5,502.95,786.8,285.8,846.0,114.9,994.25
results-v1.12.0,2026-08-01,isolation beds,14,2026-08-15,baseline,730.0,678.93,637.88,723.05,596.75,764.77,525.49,862.08
results-v1.12.0,2026-08-01,isolation beds,14,2026-08-15,joint,730.0,831.5,742.25,934.7,642.8,1019.2,451.8,1120.3
results-v1.12.0,2026-08-01,isolation beds,14,2026-08-15,treatment,730.0,733.0,551.3,803.75,270.2,869.2,108.5,999.15
results-v1.12.0,2026-08-01,isolation beds,21,2026-08-22,baseline,808.0,683.97,642.82,722.03,581.32,781.11,499.03,907.68
results-v1.12.0,2026-08-01,isolation beds,21,2026-08-22,joint,808.0,864.5,689.6,964.45,558.4,1049.0,317.9,1139.8
results-v1.12.0,2026-08-01,isolation beds,21,2026-08-22,treatment,808.0,743.0,579.6,807.0,290.0,871.6,106.55,1032.65
results-v1.12.0,2026-08-01,isolation beds,28,2026-08-29,baseline,896.0,714.6,643.52,761.63,579.14,820.5,462.03,942.07
results-v1.12.0,2026-08-01,isolation beds,28,2026-08-29,joint,896.0,889.5,625.25,997.05,478.8,1050.8,202.05,1139.8
results-v1.12.0,2026-08-01,isolation beds,28,2026-08-29,treatment,896.0,751.5,622.55,819.35,355.0,877.0,84.7,1032.65
results-1462,2026-08-02,isolation beds,7,2026-08-09,baseline,704.0,719.39,688.07,745.39,650.4,782.62,596.95,838.35
results-1462,2026-08-02,isolation beds,7,2026-08-09,joint,704.0,828.0,761.65,893.7,706.4,977.4,590.45,1072.0
results-1462,2026-08-02,isolation beds,7,2026-08-09,treatment,704.0,673.0,507.65,776.05,310.4,838.2,127.9,998.35
results-1462,2026-08-02,isolation beds,14,2026-08-16,baseline,751.0,705.09,664.33,738.84,624.06,781.91,508.94,858.24
results-1462,2026-08-02,isolation beds,14,2026-08-16,joint,751.0,888.0,796.6,979.05,692.6,1038.2,474.95,1109.0
results-1462,2026-08-02,isolation beds,14,2026-08-16,treatment,751.0,712.5,572.6,789.35,306.8,871.2,137.85,1043.4
results-1462,2026-08-02,isolation beds,21,2026-08-23,baseline,846.0,704.74,657.61,755.73,596.61,813.69,473.38,893.35
results-1462,2026-08-02,isolation beds,21,2026-08-23,joint,846.0,970.0,811.1,1012.0,643.0,1061.2,370.4,1129.35
results-1462,2026-08-02,isolation beds,21,2026-08-23,treatment,846.0,719.0,573.6,787.7,364.4,870.6,170.6,1029.8
results-1462,2026-08-02,isolation beds,28,2026-08-30,baseline,814.0,690.62,636.99,772.29,555.39,848.15,452.34,948.45
results-1462,2026-08-02,isolation beds,28,2026-08-30,joint,814.0,992.5,810.0,1033.35,569.0,1071.2,228.8,1139.2
results-1462,2026-08-02,isolation beds,28,2026-08-30,treatment,814.0,717.0,593.6,781.1,325.4,891.4,146.6,1042.1
results-1469,2026-08-03,isolation beds,7,2026-08-10,baseline,716.0,721.8,687.44,751.58,656.36,786.3,597.37,850.28
results-1469,2026-08-03,isolation beds,7,2026-08-10,joint,716.0,794.5,744.55,867.0,683.4,956.8,578.95,1033.5
results-1469,2026-08-03,isolation beds,7,2026-08-10,treatment,716.0,714.5,544.65,795.7,306.4,882.0,105.85,1043.15
results-1469,2026-08-03,isolation beds,14,2026-08-17,baseline,782.0,714.0,676.15,757.54,640.39,790.03,543.07,879.01
results-1469,2026-08-03,isolation beds,14,2026-08-17,joint,782.0,866.5,751.3,979.35,640.6,1029.4,475.95,1106.15
results-1469,2026-08-03,isolation beds,14,2026-08-17,treatment,782.0,706.0,566.55,798.0,333.6,893.8,143.15,1043.15
results-1469,2026-08-03,isolation beds,21,2026-08-24,baseline,792.0,715.11,670.83,763.64,591.74,803.45,507.68,923.16
results-1469,2026-08-03,isolation beds,21,2026-08-24,joint,792.0,935.0,765.35,1015.35,549.4,1050.4,298.9,1124.3
results-1469,2026-08-03,isolation beds,21,2026-08-24,treatment,792.0,745.5,594.65,800.05,370.6,913.2,172.5,1094.35
results-1469,2026-08-03,isolation beds,28,2026-08-31,baseline,830.0,721.29,671.4,779.22,603.73,837.22,502.01,959.42
results-1469,2026-08-03,isolation beds,28,2026-08-31,joint,830.0,979.0,789.55,1026.35,473.4,1062.2,216.3,1135.2
results-1469,2026-08-03,isolation beds,28,2026-08-31,treatment,830.0,723.0,596.0,808.7,319.8,919.0,116.7,1122.5
results-1479,2026-08-04,isolation beds,7,2026-08-11,baseline,570.0,671.44,643.36,692.35,611.8,731.75,556.23,804.15
results-1479,2026-08-04,isolation beds,7,2026-08-11,joint,570.0,776.0,731.3,836.7,669.8,915.8,558.85,1019.0
results-1479,2026-08-04,isolation beds,7,2026-08-11,treatment,570.0,651.5,443.55,797.35,289.2,912.2,126.9,1023.0
results-1479,2026-08-04,isolation beds,14,2026-08-18,baseline,730.0,676.51,634.53,718.97,591.52,762.32,498.19,836.68
results-1479,2026-08-04,isolation beds,14,2026-08-18,joint,730.0,833.0,729.65,952.0,617.4,1019.2,419.75,1102.45
results-1479,2026-08-04,isolation beds,14,2026-08-18,treatment,730.0,745.0,560.65,867.4,375.0,965.6,152.95,1131.45
results-1479,2026-08-04,isolation beds,21,2026-08-25,baseline,770.0,683.41,628.0,724.55,552.74,774.19,461.1,890.14
results-1479,2026-08-04,isolation beds,21,2026-08-25,joint,770.0,924.0,722.95,994.35,562.0,1051.0,266.8,1111.0
results-1479,2026-08-04,isolation beds,21,2026-08-25,treatment,770.0,774.5,623.3,886.4,399.8,987.0,157.0,1140.15
results-1489,2026-08-07,isolation beds,7,2026-08-14,baseline,777.0,724.27,698.25,754.31,669.09,789.31,612.99,849.91
results-1489,2026-08-07,isolation beds,7,2026-08-14,joint,777.0,728.5,674.3,787.7,628.6,873.2,507.65,980.1
results-1489,2026-08-07,isolation beds,7,2026-08-14,treatment,777.0,707.0,540.65,785.0,316.6,913.2,154.95,1134.65
results-1489,2026-08-07,isolation beds,14,2026-08-21,baseline,798.0,725.64,676.92,754.92,630.26,807.27,549.0,891.66
results-1489,2026-08-07,isolation beds,14,2026-08-21,joint,798.0,732.5,625.85,852.35,546.6,950.0,373.55,1001.15
results-1489,2026-08-07,isolation beds,14,2026-08-21,treatment,798.0,701.0,491.65,824.2,324.2,951.4,133.45,1135.1
results-1489,2026-08-07,isolation beds,21,2026-08-28,baseline,896.0,738.39,692.1,801.35,637.21,855.03,527.1,927.79
results-1489,2026-08-07,isolation beds,21,2026-08-28,joint,896.0,715.5,557.3,858.75,424.6,973.2,240.9,1014.85
results-1489,2026-08-07,isolation beds,21,2026-08-28,treatment,896.0,702.0,522.6,803.75,284.4,939.2,131.0,1106.55
results-v1.13.2,2026-08-11,isolation beds,7,2026-08-18,baseline,730.0,574.44,546.97,596.86,508.93,627.37,449.05,690.23
results-v1.13.2,2026-08-11,isolation beds,7,2026-08-18,joint,730.0,721.0,672.65,786.7,608.6,861.2,474.9,972.45
results-v1.13.2,2026-08-11,isolation beds,7,2026-08-18,treatment,730.0,632.0,515.3,779.7,290.2,913.2,138.45,1105.85
results-v1.13.2,2026-08-11,isolation beds,14,2026-08-25,baseline,770.0,568.65,525.34,607.71,476.38,650.66,404.97,757.89
results-v1.13.2,2026-08-11,isolation beds,14,2026-08-25,joint,770.0,744.5,641.65,850.35,505.4,957.0,387.0,1024.3
results-v1.13.2,2026-08-11,isolation beds,14,2026-08-25,treatment,770.0,709.0,500.6,832.7,334.0,928.2,142.85,1142.25
results-1505,2026-08-15,isolation beds,7,2026-08-22,baseline,808.0,741.5,704.22,768.05,664.67,807.57,597.35,870.38
results-1505,2026-08-15,isolation beds,7,2026-08-22,joint,808.0,856.5,782.0,935.45,697.8,1012.4,593.65,1171.2
results-1505,2026-08-15,isolation beds,7,2026-08-22,treatment,808.0,678.0,512.9,869.0,356.6,960.8,168.6,1110.1
results-1505,2026-08-15,isolation beds,14,2026-08-29,baseline,896.0,721.91,682.34,764.23,627.58,826.73,527.01,930.31
results-1505,2026-08-15,isolation beds,14,2026-08-29,joint,896.0,937.0,794.2,1071.1,677.8,1154.2,538.7,1266.05
results-1505,2026-08-15,isolation beds,14,2026-08-29,treatment,896.0,675.5,461.6,849.35,287.0,958.4,127.05,1139.8
results-1527,2026-08-17,isolation beds,7,2026-08-24,baseline,792.0,736.8,713.96,767.01,667.6,804.73,601.21,859.38
results-1527,2026-08-17,isolation beds,7,2026-08-24,joint,792.0,885.5,799.0,973.05,736.2,1049.8,635.8,1189.15
results-1527,2026-08-17,isolation beds,7,2026-08-24,treatment,792.0,696.5,513.95,831.75,303.2,967.0,148.75,1126.1
results-1527,2026-08-17,isolation beds,14,2026-08-31,baseline,830.0,727.79,679.97,774.83,637.53,811.5,514.99,917.0
results-1527,2026-08-17,isolation beds,14,2026-08-31,joint,830.0,942.5,829.6,1085.7,695.4,1173.2,515.4,1272.3
results-1527,2026-08-17,isolation beds,14,2026-08-31,treatment,830.0,746.0,554.6,887.7,394.6,995.8,175.6,1135.2
results-1573,2026-08-22,isolation beds,7,2026-08-29,baseline,896.0,815.7,782.23,852.74,756.68,898.09,672.32,970.91
results-1573,2026-08-22,isolation beds,7,2026-08-29,joint,896.0,920.5,861.0,972.35,798.4,1043.2,689.85,1279.15
results-1573,2026-08-22,isolation beds,7,2026-08-29,treatment,896.0,603.0,486.3,854.2,295.2,1076.8,150.5,1266.2
results-1591,2026-08-24,isolation beds,7,2026-08-31,baseline,830.0,809.8,774.71,844.93,722.95,886.32,648.87,966.85
results-1591,2026-08-24,isolation beds,7,2026-08-31,joint,830.0,923.0,873.3,984.1,782.0,1044.0,699.85,1261.3
results-1591,2026-08-24,isolation beds,7,2026-08-31,treatment,830.0,607.0,459.85,803.4,305.4,1018.4,161.7,1285.05
results-1462,2026-08-02,onset reports,7,2026-08-09,baseline,463.0,277.57,174.7,413.43,61.35,494.64,0.0,718.15
results-1462,2026-08-02,onset reports,7,2026-08-09,joint,463.0,398.0,334.3,463.35,227.8,556.0,84.7,762.1
results-1462,2026-08-02,onset reports,7,2026-08-09,onsets,463.0,352.0,255.9,465.35,147.0,586.6,0.0,854.15
results-1462,2026-08-02,onset reports,14,2026-08-16,baseline,789.0,644.25,496.5,796.9,300.8,999.8,0.0,1318.42
results-1462,2026-08-02,onset reports,14,2026-08-16,joint,789.0,877.0,746.3,964.0,611.2,1106.6,433.75,1441.45
results-1462,2026-08-02,onset reports,14,2026-08-16,onsets,789.0,759.5,636.0,898.8,497.6,1135.2,165.85,1663.9
results-1462,2026-08-02,onset reports,21,2026-08-23,baseline,1314.0,950.5,941.0,961.0,924.0,976.2,894.0,1002.2
results-1462,2026-08-02,onset reports,21,2026-08-23,joint,1314.0,1353.5,1178.0,1569.35,1013.6,1860.2,799.8,2502.1
results-1462,2026-08-02,onset reports,21,2026-08-23,onsets,1314.0,1138.5,982.65,1385.4,818.6,1848.2,500.75,3131.85
results-1462,2026-08-02,onset reports,28,2026-08-30,joint,1354.0,1900.0,1603.5,2323.65,1384.2,2776.2,1015.6,4958.0
results-1462,2026-08-02,onset reports,28,2026-08-30,onsets,1354.0,1553.5,1369.1,1892.1,1119.4,2669.2,759.95,5295.6
results-1469,2026-08-03,onset reports,7,2026-08-10,baseline,123.0,398.77,306.11,486.95,173.46,585.89,0.0,782.71
results-1469,2026-08-03,onset reports,7,2026-08-10,joint,123.0,404.0,306.0,462.4,236.6,581.4,96.45,705.65
results-1469,2026-08-03,onset reports,7,2026-08-10,onsets,123.0,358.0,257.65,471.05,142.6,595.8,0.0,866.55
results-1469,2026-08-03,onset reports,14,2026-08-17,baseline,633.0,752.27,647.08,908.73,454.91,1033.86,187.61,1273.74
results-1469,2026-08-03,onset reports,14,2026-08-17,joint,633.0,864.0,726.3,975.4,620.8,1111.4,412.6,1315.7
results-1469,2026-08-03,onset reports,14,2026-08-17,onsets,633.0,769.5,637.6,909.9,498.0,1144.4,176.35,1685.45
results-1469,2026-08-03,onset reports,21,2026-08-24,baseline,1098.0,1103.5,1089.0,1115.0,1071.6,1129.2,1049.0,1155.05
results-1469,2026-08-03,onset reports,21,2026-08-24,joint,1098.0,1387.0,1160.65,1522.05,954.8,1783.8,726.75,2406.35
results-1469,2026-08-03,onset reports,21,2026-08-24,onsets,1098.0,1139.5,984.0,1398.15,824.6,1913.4,497.55,3248.05
results-1479,2026-08-04,onset reports,7,2026-08-11,baseline,82.0,444.12,367.33,540.54,231.77,673.38,0.0,910.29
results-1479,2026-08-04,onset reports,7,2026-08-11,joint,82.0,334.0,264.0,450.35,163.2,536.4,44.95,678.65
results-1479,2026-08-04,onset reports,7,2026-08-11,onsets,82.0,284.0,157.65,407.7,41.8,534.2,0.0,981.2
results-1479,2026-08-04,onset reports,14,2026-08-18,baseline,592.0,613.82,435.22,750.68,283.2,969.48,4.88,1190.96
results-1479,2026-08-04,onset reports,14,2026-08-18,joint,592.0,754.5,631.5,883.15,519.2,1006.0,358.85,1223.25
results-1479,2026-08-04,onset reports,14,2026-08-18,onsets,592.0,622.5,470.65,757.05,346.0,883.2,94.55,1495.0
results-1479,2026-08-04,onset reports,21,2026-08-25,baseline,1278.0,1073.0,1059.0,1084.0,1042.8,1098.2,1017.0,1125.1
results-1479,2026-08-04,onset reports,21,2026-08-25,joint,1278.0,1190.0,1049.65,1366.65,861.2,1540.2,585.75,2074.35
results-1479,2026-08-04,onset reports,21,2026-08-25,onsets,1278.0,956.0,798.3,1112.5,601.8,1447.6,298.8,2240.55
results-1489,2026-08-07,onset reports,7,2026-08-14,baseline,492.0,334.43,242.6,442.04,143.88,571.5,0.0,811.73
results-1489,2026-08-07,onset reports,7,2026-08-14,joint,492.0,295.5,223.6,383.05,134.0,463.0,7.9,652.4
results-1489,2026-08-07,onset reports,7,2026-08-14,onsets,492.0,222.5,138.3,324.4,0.0,481.2,0.0,825.35
results-1489,2026-08-07,onset reports,14,2026-08-21,baseline,926.0,822.5,655.7,1002.61,462.67,1161.06,152.81,1539.65
results-1489,2026-08-07,onset reports,14,2026-08-21,joint,926.0,653.0,540.65,760.4,445.0,898.0,281.85,1170.65
results-1489,2026-08-07,onset reports,14,2026-08-21,onsets,926.0,490.5,384.3,632.05,233.0,840.2,25.65,1188.55
results-1489,2026-08-07,onset reports,21,2026-08-28,baseline,1179.0,1017.0,1002.65,1027.35,989.0,1037.0,962.8,1065.1
results-1489,2026-08-07,onset reports,21,2026-08-28,joint,1179.0,986.0,847.2,1211.35,732.8,1396.4,478.7,1821.4
results-1489,2026-08-07,onset reports,21,2026-08-28,onsets,1179.0,752.5,620.0,914.35,434.4,1201.2,204.7,1992.5
results-v1.13.2,2026-08-11,onset reports,7,2026-08-18,baseline,510.0,70.0,0.0,232.36,0.0,375.48,0.0,623.39
results-v1.13.2,2026-08-11,onset reports,7,2026-08-18,joint,510.0,289.5,218.95,405.2,121.4,507.8,3.8,694.1
results-v1.13.2,2026-08-11,onset reports,7,2026-08-18,onsets,510.0,262.5,141.55,383.05,20.0,520.6,0.0,830.4
results-v1.13.2,2026-08-11,onset reports,14,2026-08-25,baseline,1196.0,529.14,359.93,693.37,88.1,870.29,0.0,1189.01
results-v1.13.2,2026-08-11,onset reports,14,2026-08-25,joint,1196.0,620.0,505.65,765.7,402.4,979.2,195.45,1301.05
results-v1.13.2,2026-08-11,onset reports,14,2026-08-25,onsets,1196.0,559.0,439.6,668.4,257.4,905.2,7.8,1321.85
results-1505,2026-08-15,onset reports,7,2026-08-22,baseline,541.0,545.09,422.93,684.75,237.93,827.77,0.0,1019.77
results-1505,2026-08-15,onset reports,7,2026-08-22,joint,541.0,553.0,424.65,662.35,341.8,792.2,190.95,1018.8
results-1505,2026-08-15,onset reports,7,2026-08-22,onsets,541.0,624.5,489.0,820.45,351.8,1011.4,67.15,1765.4
results-1505,2026-08-15,onset reports,14,2026-08-29,baseline,687.0,747.18,570.65,940.31,337.27,1207.1,0.0,1476.16
results-1505,2026-08-15,onset reports,14,2026-08-29,joint,687.0,1126.0,958.0,1314.4,831.0,1526.8,569.9,2141.9
results-1505,2026-08-15,onset reports,14,2026-08-29,onsets,687.0,1357.0,1148.1,1732.45,915.4,2154.2,617.3,3121.55
results-1527,2026-08-17,onset reports,7,2026-08-24,baseline,465.0,553.52,412.14,656.19,256.83,801.3,0.0,1160.51
results-1527,2026-08-17,onset reports,7,2026-08-24,joint,465.0,526.5,432.65,644.35,288.8,749.8,130.9,987.65
results-1527,2026-08-17,onset reports,7,2026-08-24,onsets,465.0,643.0,479.85,831.45,342.4,1061.0,68.8,1823.3
results-1573,2026-08-22,onset reports,7,2026-08-29,baseline,146.0,620.5,493.46,750.9,311.53,885.75,0.0,1238.29
results-1573,2026-08-22,onset reports,7,2026-08-29,joint,146.0,381.5,291.65,494.7,199.8,619.6,17.75,816.65
results-1573,2026-08-22,onset reports,7,2026-08-29,onsets,146.0,482.0,356.6,590.0,156.4,802.0,0.0,1213.45
results-v1.7.0 (backfill),2026-07-01,recovered,7,2026-07-08,baseline,82.0,73.0,65.0,80.95,55.06,90.32,38.17,105.21
results-v1.7.0 (backfill),2026-07-01,recovered,7,2026-07-08,joint,82.0,115.0,72.0,176.0,40.0,309.6,8.0,729.4
results-v1.7.0 (backfill),2026-07-01,recovered,14,2026-07-15,baseline,177.0,134.31,119.76,145.44,104.56,158.56,84.03,186.97
results-v1.7.0 (backfill),2026-07-01,recovered,14,2026-07-15,joint,177.0,300.5,171.0,533.75,82.8,1060.4,13.95,3931.5
results-v1.7.0 (backfill),2026-07-01,recovered,21,2026-07-22,baseline,306.0,181.0,168.59,192.0,155.45,205.41,131.14,224.87
results-v1.7.0 (backfill),2026-07-01,recovered,21,2026-07-22,joint,306.0,648.5,312.3,1459.95,136.6,3649.6,21.95,26347.05
results-v1.7.0 (backfill),2026-07-01,recovered,28,2026-07-29,joint,384.0,1209.5,468.2,3819.65,180.6,12108.6,35.0,370990.65
results-v1.8.0 (backfill),2026-07-06,recovered,7,2026-07-13,baseline,86.0,47.17,40.15,56.86,30.71,67.0,13.96,83.01
results-v1.8.0 (backfill),2026-07-06,recovered,7,2026-07-13,joint,86.0,51.0,33.0,78.0,16.0,121.0,2.0,233.15
results-v1.8.0 (backfill),2026-07-06,recovered,14,2026-07-20,baseline,202.0,122.66,111.66,136.42,95.69,152.21,68.53,178.13
results-v1.8.0 (backfill),2026-07-06,recovered,14,2026-07-20,joint,202.0,105.5,66.65,171.35,33.8,249.2,3.0,548.5
results-v1.8.0 (backfill),2026-07-06,recovered,21,2026-07-27,baseline,317.0,187.59,171.29,204.0,150.68,229.53,121.99,270.1
results-v1.8.0 (backfill),2026-07-06,recovered,21,2026-07-27,joint,317.0,198.5,104.65,323.7,52.8,565.2,5.95,1503.35
results-v1.8.0 (backfill),2026-07-06,recovered,28,2026-08-03,baseline,469.0,216.0,209.0,222.0,203.0,229.0,194.95,241.05
results-v1.8.0 (backfill),2026-07-06,recovered,28,2026-08-03,joint,469.0,301.0,154.65,589.75,72.0,1103.4,9.0,3093.95
results-v1.9.0 (backfill),2026-07-08,recovered,7,2026-07-15,baseline,95.0,83.66,74.14,92.0,65.81,100.09,45.0,125.01
results-v1.9.0 (backfill),2026-07-08,recovered,7,2026-07-15,joint,95.0,63.0,46.0,85.0,29.0,116.0,12.95,204.0
results-v1.9.0 (backfill),2026-07-08,recovered,14,2026-07-22,baseline,224.0,158.71,147.84,168.63,135.35,182.0,107.99,209.71
results-v1.9.0 (backfill),2026-07-08,recovered,14,2026-07-22,joint,224.0,130.5,94.0,176.05,61.8,252.2,24.0,457.45
results-v1.9.0 (backfill),2026-07-08,recovered,21,2026-07-29,baseline,302.0,216.09,200.75,230.44,183.94,248.77,151.24,278.32
results-v1.9.0 (backfill),2026-07-08,recovered,21,2026-07-29,joint,302.0,219.0,156.0,309.0,90.8,434.4,29.9,957.95
results-v1.9.0 (backfill),2026-07-08,recovered,28,2026-08-05,baseline,498.0,259.5,243.0,275.0,229.0,292.0,202.0,331.05
results-v1.9.0 (backfill),2026-07-08,recovered,28,2026-08-05,joint,498.0,336.5,220.3,475.7,140.0,743.8,48.85,2019.8
results-v1.1.0 (backfill),2026-05-18,reported cases,7,2026-05-25,joint,482.0,28.0,0.0,194.85,0.0,433.0,0.0,971.3
results-v1.1.0 (backfill),2026-05-18,suspected deaths,7,2026-05-25,joint,107.0,94.0,37.65,162.05,0.0,283.4,0.0,776.8
