sitrep,report_date,province,patients_isolated,patients_isolated_normed,beds,occupancy_rate_pct,admissions_24h,discharges_24h,recovered_24h,deaths_incare_24h,source_section,quote
"018","2026-06-01","Ituri",158,,,,21,,,,"occupancy table (Mouvement des patients / Occupation des structures de soins)",""
"018","2026-06-01","Nord-Kivu",8,,,,0,,,,"occupancy table (Mouvement des patients / Occupation des structures de soins)",""
"018","2026-06-01","Sud-Kivu",7,,,,1,,,,"occupancy table (Mouvement des patients / Occupation des structures de soins)",""
"019","2026-06-02","Ituri",192,,,,28,,,,"occupancy table (Mouvement des patients / Occupation des structures de soins)",""
"019","2026-06-02","Nord-Kivu",8,,,,1,,,,"occupancy table (Mouvement des patients / Occupation des structures de soins)",""
"019","2026-06-02","Sud-Kivu",6,,,,1,,,,"occupancy table (Mouvement des patients / Occupation des structures de soins)",""
"020","2026-06-03","Ituri",220,,,,47,,,,"occupancy table (Mouvement des patients / Occupation des structures de soins)",""
"020","2026-06-03","Nord-Kivu",8,,,,1,,,,"occupancy table (Mouvement des patients / Occupation des structures de soins)",""
"020","2026-06-03","Sud-Kivu",5,,,,0,,,,"occupancy table (Mouvement des patients / Occupation des structures de soins)",""
"021","2026-06-04","Ituri",243,,,,61,,,,"occupancy table (Mouvement des patients / Occupation des structures de soins)",""
"021","2026-06-04","Nord-Kivu",9,,,,1,,,,"occupancy table (Mouvement des patients / Occupation des structures de soins)",""
"021","2026-06-04","Sud-Kivu",6,,,,0,,,,"occupancy table (Mouvement des patients / Occupation des structures de soins)",""
"022","2026-06-05","Ituri",251,,,,37,,,,"occupancy table (Mouvement des patients / Occupation des structures de soins)",""
"022","2026-06-05","Nord-Kivu",9,,,,1,,,,"occupancy table (Mouvement des patients / Occupation des structures de soins)",""
"022","2026-06-05","Sud-Kivu",7,,,,0,,,,"occupancy table (Mouvement des patients / Occupation des structures de soins)",""
"023","2026-06-06","Ituri",260,,,,29,,,,"occupancy table (Mouvement des patients / Occupation des structures de soins)",""
"023","2026-06-06","Nord-Kivu",16,,,,1,,,,"occupancy table (Mouvement des patients / Occupation des structures de soins)",""
"023","2026-06-06","Sud-Kivu",7,,,,0,,,,"occupancy table (Mouvement des patients / Occupation des structures de soins)",""
"024","2026-06-07","Ituri",284,,,,55,,,,"occupancy table (Mouvement des patients / Occupation des structures de soins)",""
"024","2026-06-07","Nord-Kivu",18,,,,6,,,,"occupancy table (Mouvement des patients / Occupation des structures de soins)",""
"024","2026-06-07","Sud-Kivu",7,,,,0,,,,"occupancy table (Mouvement des patients / Occupation des structures de soins)",""
"025","2026-06-08","Ituri",266,,,,27,,,,"occupancy table (Mouvement des patients / Occupation des structures de soins)",""
"025","2026-06-08","Nord-Kivu",24,,,,7,,,,"occupancy table (Mouvement des patients / Occupation des structures de soins)",""
"025","2026-06-08","Sud-Kivu",7,,,,0,,,,"occupancy table (Mouvement des patients / Occupation des structures de soins)",""
"026","2026-06-09","Ituri",237,,,,31,,,,"occupancy table (Mouvement des patients / Occupation des structures de soins)",""
"026","2026-06-09","Nord-Kivu",17,,,,0,,,,"occupancy table (Mouvement des patients / Occupation des structures de soins)",""
"026","2026-06-09","Sud-Kivu",6,,,,0,,,,"occupancy table (Mouvement des patients / Occupation des structures de soins)",""
"027","2026-06-10","Ituri",239,,,,26,,,,"occupancy table (Mouvement des patients / Occupation des structures de soins)",""
"027","2026-06-10","Nord-Kivu",17,,,,0,,,,"occupancy table (Mouvement des patients / Occupation des structures de soins)",""
"027","2026-06-10","Sud-Kivu",6,,,,0,,,,"occupancy table (Mouvement des patients / Occupation des structures de soins)",""
"028","2026-06-11","Ituri",272,,,77.9,47,,,,"occupancy table (Mouvement des patients / Occupation des structures de soins)",""
"028","2026-06-11","Nord-Kivu",31,,,43.7,18,,,,"occupancy table (Mouvement des patients / Occupation des structures de soins)",""
"028","2026-06-11","Sud-Kivu",12,,,37.5,10,,,,"occupancy table (Mouvement des patients / Occupation des structures de soins)",""
"030","2026-06-13","Ituri",310,,,93.9,60,,,,"occupancy table (Mouvement des patients / Occupation des structures de soins)",""
"030","2026-06-13","Nord-Kivu",42,,,59.2,6,,,,"occupancy table (Mouvement des patients / Occupation des structures de soins)",""
"030","2026-06-13","Sud-Kivu",7,,,21.9,2,,,,"occupancy table (Mouvement des patients / Occupation des structures de soins)",""
"031","2026-06-14","Ituri",313,,,94.8,44,,,,"occupancy table (Mouvement des patients / Occupation des structures de soins)",""
"031","2026-06-14","Nord-Kivu",44,,,62.0,8,,,,"occupancy table (Mouvement des patients / Occupation des structures de soins)",""
"031","2026-06-14","Sud-Kivu",6,,,18.8,2,,,,"occupancy table (Mouvement des patients / Occupation des structures de soins)",""
"032","2026-06-15","Ituri",321,,,97.3,47,,,,"occupancy table (Mouvement des patients / Occupation des structures de soins)",""
"032","2026-06-15","Nord-Kivu",45,,,63.4,7,,,,"occupancy table (Mouvement des patients / Occupation des structures de soins)",""
"032","2026-06-15","Sud-Kivu",10,,,31.3,7,,,,"occupancy table (Mouvement des patients / Occupation des structures de soins)",""
"033","2026-06-16","Ituri",318,,,96.4,47,,,,"occupancy table (Mouvement des patients / Occupation des structures de soins)",""
"033","2026-06-16","Nord-Kivu",46,,,64.8,11,,,,"occupancy table (Mouvement des patients / Occupation des structures de soins)",""
"033","2026-06-16","Sud-Kivu",15,,,46.9,9,,,,"occupancy table (Mouvement des patients / Occupation des structures de soins)",""
"034","2026-06-17","Ituri",335,,,99.1,61,,,,"occupancy table (Mouvement des patients / Occupation des structures de soins)",""
"034","2026-06-17","Nord-Kivu",48,,,67.6,6,,,,"occupancy table (Mouvement des patients / Occupation des structures de soins)",""
"035","2026-06-18","Ituri",349,,,103.3,53,,,,"occupancy table (Mouvement des patients / Occupation des structures de soins)",""
"035","2026-06-18","Nord-Kivu",56,,,78.9,8,,,,"occupancy table (Mouvement des patients / Occupation des structures de soins)",""
"035","2026-06-18","Sud-Kivu",11,,,34.4,9,,,,"occupancy table (Mouvement des patients / Occupation des structures de soins)",""
"036","2026-06-19","Ituri",307,,,90.8,59,,,,"occupancy table (Mouvement des patients / Occupation des structures de soins)",""
"036","2026-06-19","Nord-Kivu",54,,,76.1,6,,,,"occupancy table (Mouvement des patients / Occupation des structures de soins)",""
"037","2026-06-20","Ituri",302,,,89.3,62,,,,"occupancy table (Mouvement des patients / Occupation des structures de soins)",""
"037","2026-06-20","Nord-Kivu",52,,,73.2,4,,,,"occupancy table (Mouvement des patients / Occupation des structures de soins)",""
"037","2026-06-20","Sud-Kivu",11,,,34.4,1,,,,"occupancy table (Mouvement des patients / Occupation des structures de soins)",""
"038","2026-06-21","Ituri",298,,,88.2,60,,,,"occupancy table (Mouvement des patients / Occupation des structures de soins)",""
"038","2026-06-21","Nord-Kivu",63,,,88.7,7,,,,"occupancy table (Mouvement des patients / Occupation des structures de soins)",""
"038","2026-06-21","Sud-Kivu",10,,,31.3,3,,,,"occupancy table (Mouvement des patients / Occupation des structures de soins)",""
"039","2026-06-22","Ituri",321,,,87.0,57,,,,"occupancy table (Mouvement des patients / Occupation des structures de soins)",""
"039","2026-06-22","Nord-Kivu",56,,,54.4,36,,,,"occupancy table (Mouvement des patients / Occupation des structures de soins)",""
"039","2026-06-22","Sud-Kivu",10,,,31.3,0,,,,"occupancy table (Mouvement des patients / Occupation des structures de soins)",""
"040","2026-06-23","Ituri",337,,,91.3,46,,,,"occupancy table (Mouvement des patients / Occupation des structures de soins)",""
"040","2026-06-23","Nord-Kivu",59,,,57.3,8,,,,"occupancy table (Mouvement des patients / Occupation des structures de soins)",""
"040","2026-06-23","Sud-Kivu",12,,,37.5,7,,,,"occupancy table (Mouvement des patients / Occupation des structures de soins)",""
"041","2026-06-24","Ituri",313,,,85.3,59,,,,"occupancy table (Mouvement des patients / Occupation des structures de soins)",""
"041","2026-06-24","Nord-Kivu",59,,,57.3,8,,,,"occupancy table (Mouvement des patients / Occupation des structures de soins)",""
"041","2026-06-24","Sud-Kivu",13,,,29.5,6,,,,"occupancy table (Mouvement des patients / Occupation des structures de soins)",""
"042","2026-06-25","Ituri",334,,,89.8,60,,,,"occupancy table (Mouvement des patients / Occupation des structures de soins)",""
"042","2026-06-25","Nord-Kivu",68,,,66.0,12,,,,"occupancy table (Mouvement des patients / Occupation des structures de soins)",""
"042","2026-06-25","Sud-Kivu",17,,,38.6,4,,,,"occupancy table (Mouvement des patients / Occupation des structures de soins)",""
"044","2026-06-27","Ituri",338,,,90.9,50,,,,"occupancy table (Mouvement des patients / Occupation des structures de soins)",""
"044","2026-06-27","Nord-Kivu",143,,,138.8,20,,,,"occupancy table (Mouvement des patients / Occupation des structures de soins)",""
"044","2026-06-27","Sud-Kivu",21,,,47.7,4,,,,"occupancy table (Mouvement des patients / Occupation des structures de soins)",""
"046","2026-06-29","Ituri",451,,,102.0,68,,,,"occupancy table (Mouvement des patients / Occupation des structures de soins)",""
"046","2026-06-29","Nord-Kivu",135,,,125.0,11,,,,"occupancy table (Mouvement des patients / Occupation des structures de soins)",""
"046","2026-06-29","Sud-Kivu",23,,,51.1,3,,,,"occupancy table (Mouvement des patients / Occupation des structures de soins)",""
"049","2026-07-02","Ituri",462,,,90.0,51,,,,"occupancy table (Mouvement des patients / Occupation des structures de soins)",""
"049","2026-07-02","Nord-Kivu",147,,,136.0,21,,,,"occupancy table (Mouvement des patients / Occupation des structures de soins)",""
"049","2026-07-02","Sud-Kivu",19,,,42.2,0,,,,"occupancy table (Mouvement des patients / Occupation des structures de soins)",""
"052","2026-07-05","Ituri",477,,,89.3,79,,,,"occupancy table (Mouvement des patients / Occupation des structures de soins)",""
"052","2026-07-05","Nord-Kivu",148,,,137.0,19,,,,"occupancy table (Mouvement des patients / Occupation des structures de soins)",""
"052","2026-07-05","Sud-Kivu",21,,,47.7,6,,,,"occupancy table (Mouvement des patients / Occupation des structures de soins)",""
"053","2026-07-06","Ituri",508,,,84.0,69,,,,"occupancy table (Mouvement des patients / Occupation des structures de soins)",""
"053","2026-07-06","Nord-Kivu",148,,,115.0,30,,,,"occupancy table (Mouvement des patients / Occupation des structures de soins)",""
"053","2026-07-06","Sud-Kivu",24,,,53.3,3,,,,"occupancy table (Mouvement des patients / Occupation des structures de soins)",""
"054","2026-07-07","Ituri",518,,,85.0,71,,,,"occupancy table (Mouvement des patients / Occupation des structures de soins)",""
"054","2026-07-07","Nord-Kivu",193,,,137.0,32,,,,"occupancy table (Mouvement des patients / Occupation des structures de soins)",""
"054","2026-07-07","Sud-Kivu",39,,,86.6,15,,,,"occupancy table (Mouvement des patients / Occupation des structures de soins)",""
"055","2026-07-08","Ituri",540,,,87.0,103,,,,"occupancy table (Mouvement des patients / Occupation des structures de soins)",""
"055","2026-07-08","Nord-Kivu",197,,,133.0,44,,,,"occupancy table (Mouvement des patients / Occupation des structures de soins)",""
"055","2026-07-08","Sud-Kivu",27,,,60.0,4,,,,"occupancy table (Mouvement des patients / Occupation des structures de soins)",""
"056","2026-07-09","Ituri",536,,,89.9,43,,,,"occupancy table (Mouvement des patients / Occupation des structures de soins)",""
"056","2026-07-09","Nord-Kivu",225,,,160.0,44,,,,"occupancy table (Mouvement des patients / Occupation des structures de soins)",""
"056","2026-07-09","Sud-Kivu",19,,,42.2,2,,,,"occupancy table (Mouvement des patients / Occupation des structures de soins)",""
"058","2026-07-11","Ituri",535,,,87.0,67,,,,"occupancy table (Mouvement des patients / Occupation des structures de soins)",""
"058","2026-07-11","Nord-Kivu",188,,,129.6,21,,,,"occupancy table (Mouvement des patients / Occupation des structures de soins)",""
"058","2026-07-11","Sud-Kivu",30,,,66.6,6,,,,"occupancy table (Mouvement des patients / Occupation des structures de soins)",""
"059","2026-07-12","Ituri",549,,,82.1,85,,,,"occupancy table (Mouvement des patients / Occupation des structures de soins)",""
"059","2026-07-12","Nord-Kivu",170,,,117.2,12,,,,"occupancy table (Mouvement des patients / Occupation des structures de soins)",""
"059","2026-07-12","Sud-Kivu",17,,,,24,,,,"occupancy table (Mouvement des patients / Occupation des structures de soins)",""
"060","2026-07-13","Ituri",553,,,82.7,85,,,,"occupancy table (Mouvement des patients / Occupation des structures de soins)",""
"060","2026-07-13","Nord-Kivu",170,,,120.6,12,,,,"occupancy table (Mouvement des patients / Occupation des structures de soins)",""
"060","2026-07-13","Sud-Kivu",27,,,60.0,4,,,,"occupancy table (Mouvement des patients / Occupation des structures de soins)",""
"060","2026-07-13","Haut-Uele",3,,,100.0,2,,,,"occupancy table (Mouvement des patients / Occupation des structures de soins)",""
"061","2026-07-14","Ituri",544,,,78.0,80,,,,"occupancy table (Mouvement des patients / Occupation des structures de soins)",""
"061","2026-07-14","Nord-Kivu",188,,,129.6,52,,,,"occupancy table (Mouvement des patients / Occupation des structures de soins)",""
"061","2026-07-14","Tshopo",4,,,60.0,1,,,,"occupancy table (Mouvement des patients / Occupation des structures de soins)",""
"062","2026-07-15","Ituri",549,,693,79.0,84,,,,"occupancy table (Mouvement des patients / Occupation des structures de soins)",""
"062","2026-07-15","Nord-Kivu",171,,141,118.8,39,,,,"occupancy table (Mouvement des patients / Occupation des structures de soins)",""
"062","2026-07-15","Tshopo",5,,12,41.7,1,,,,"occupancy table (Mouvement des patients / Occupation des structures de soins)",""
"064","2026-07-17","Ituri",548,,700,,86,,,,"occupancy table (Mouvement des patients / Occupation des structures de soins)",""
"064","2026-07-17","Nord-Kivu",174,,141,,33,,,,"occupancy table (Mouvement des patients / Occupation des structures de soins)",""
"065","2026-07-18","Ituri",539,,706,76.3,71,,,,"occupancy table (Mouvement des patients / Occupation des structures de soins)",""
"065","2026-07-18","Nord-Kivu",181,,141,123.1,47,,,,"occupancy table (Mouvement des patients / Occupation des structures de soins)",""
"065","2026-07-18","Tshopo",4,,10,40.0,3,,,,"occupancy table (Mouvement des patients / Occupation des structures de soins)",""
"066","2026-07-19","Ituri",553,,798,69.3,70,,,,"occupancy table (Mouvement des patients / Occupation des structures de soins)",""
"066","2026-07-19","Nord-Kivu",181,,141,128.4,38,,,,"occupancy table (Mouvement des patients / Occupation des structures de soins)",""
"067","2026-07-20","Ituri",556,,709,78.4,118,,,,"occupancy table (Mouvement des patients / Occupation des structures de soins)",""
"067","2026-07-20","Nord-Kivu",181,,141,128.4,62,,,,"occupancy table (Mouvement des patients / Occupation des structures de soins)",""
"068","2026-07-21","Ituri",556,,708,78.5,68,,,,"occupancy table (Mouvement des patients / Occupation des structures de soins)",""
"068","2026-07-21","Nord-Kivu",182,,141,129.1,24,,,,"occupancy table (Mouvement des patients / Occupation des structures de soins)",""
"069","2026-07-22","Ituri",551,,709,77.7,90,,,,"occupancy table (Mouvement des patients / Occupation des structures de soins)",""
"069","2026-07-22","Nord-Kivu",168,,141,119.1,36,,,,"occupancy table (Mouvement des patients / Occupation des structures de soins)",""
"069","2026-07-22","Tshopo",3,,8,37.5,0,,,,"occupancy table (Mouvement des patients / Occupation des structures de soins)",""
"070","2026-07-23","Ituri",570,,709,,107,,,,"occupancy table (Mouvement des patients / Occupation des structures de soins)",""
"070","2026-07-23","Nord-Kivu",192,,141,,61,,,,"occupancy table (Mouvement des patients / Occupation des structures de soins)",""
"070","2026-07-23","Tshopo",4,,10,,1,,,,"occupancy table (Mouvement des patients / Occupation des structures de soins)",""
"071","2026-07-24","Ituri",576,,709,81.2,79,,,,"occupancy table (Mouvement des patients / Occupation des structures de soins)",""
"071","2026-07-24","Nord-Kivu",179,,141,126.9,34,,,,"occupancy table (Mouvement des patients / Occupation des structures de soins)",""
"072","2026-07-25","Ituri",602,,800,75.3,102,,,,"occupancy table (Mouvement des patients / Occupation des structures de soins)",""
"072","2026-07-25","Nord-Kivu",171,,141,121.3,49,,,,"occupancy table (Mouvement des patients / Occupation des structures de soins)",""
"073","2026-07-26","Ituri",531,,800,66.4,96,,,,"occupancy table (Mouvement des patients / Occupation des structures de soins)",""
"073","2026-07-26","Nord-Kivu",192,,141,136.2,30,,,,"occupancy table (Mouvement des patients / Occupation des structures de soins)",""
"074","2026-07-27","Ituri",544,,808,67.3,92,,,,"occupancy table (Mouvement des patients / Occupation des structures de soins)",""
"074","2026-07-27","Nord-Kivu",189,,141,134.0,48,,,,"occupancy table (Mouvement des patients / Occupation des structures de soins)",""
"077","2026-07-30","Ituri",523,,820,63.8,58,,,,"occupancy table (Mouvement des patients / Occupation des structures de soins)",""
"077","2026-07-30","Nord-Kivu",202,,141,143.3,53,,,,"occupancy table (Mouvement des patients / Occupation des structures de soins)",""
"077","2026-07-30","Haut-Uele",22,,68,32.4,7,,,,"occupancy table (Mouvement des patients / Occupation des structures de soins)",""
"077","2026-07-30","Tshopo",1,,20,5.0,0,,,,"occupancy table (Mouvement des patients / Occupation des structures de soins)",""
"078","2026-07-31","Ituri",525,,821,63.9,73,,,,"occupancy table (Mouvement des patients / Occupation des structures de soins)",""
"078","2026-07-31","Nord-Kivu",196,,141,139.0,47,,,,"occupancy table (Mouvement des patients / Occupation des structures de soins)",""
"078","2026-07-31","Haut-Uele",37,,68,54.4,,,,,"occupancy table (Mouvement des patients / Occupation des structures de soins)",""
"078","2026-07-31","Tshopo",2,,20,10.0,1,,,,"occupancy table (Mouvement des patients / Occupation des structures de soins)",""
"079","2026-08-01","Ituri",476,,821,58.0,61,,,,"occupancy table (Mouvement des patients / Occupation des structures de soins)",""
"079","2026-08-01","Nord-Kivu",181,,141,128.4,44,,,,"occupancy table (Mouvement des patients / Occupation des structures de soins)",""
"079","2026-08-01","Haut-Uele",31,,68,45.6,16,,,,"occupancy table (Mouvement des patients / Occupation des structures de soins)",""
"079","2026-08-01","Tshopo",2,,20,10.0,1,,,,"occupancy table (Mouvement des patients / Occupation des structures de soins)",""
"080","2026-08-02","Ituri",468,,821,57.0,70,,,,"occupancy table (Mouvement des patients / Occupation des structures de soins)",""
"080","2026-08-02","Nord-Kivu",186,,141,131.9,39,,,,"occupancy table (Mouvement des patients / Occupation des structures de soins)",""
"080","2026-08-02","Haut-Uele",31,,68,45.6,16,,,,"occupancy table (Mouvement des patients / Occupation des structures de soins)",""
"080","2026-08-02","Tshopo",2,,20,10.0,,,,,"occupancy table (Mouvement des patients / Occupation des structures de soins)",""
"080","2026-08-02","Sud-Kivu",20,,,,22,,,,"occupancy table (Mouvement des patients / Occupation des structures de soins)",""
"081","2026-08-03","Ituri",471,,,,,,21,,"PECH two-column box","21 nouveaux gueris ; 471 patients en isolement"
"081","2026-08-03","Nord-Kivu",196,,141,,4,9,0,2,"PECH two-column box","4 admissions de confirmes et 18 de suspects pour 2 deces et 9 sorties non-cas, aucun gueri ; 196 malades en isolement en fin de journee (27 confirmes, 169 suspects) pour 141 lits. mission d'evaluation au cte de katwa, a l'hopital matanda et au cug. sur le volet nutritionnel, recrutement de 27 nutrit"
"081","2026-08-03","Tshopo",3,,20,,1,,,,"PECH two-column box","une nouvelle admission — une suspecte de 13 ans au ct de l'hc kisangani — pour 3 malades en isolement en fin de journee (1 confirme, 2 suspects) sur 20 lits (15,0 %) ; poursuite des traitements experimentaux chez 2 contacts a haut risque de ppl a madula, dont un decharge, et chez les contacts pr"
"081","2026-08-03","Haut-Uele",31,,68,,,,,,"PECH two-column box","31 malades en isolement en fin de journee pour 68 lits (45,6 %) ; le deck du jour ne presente aucun tableau de prise en charge, les mouvements d'admissions et de sorties ne sont donc pas documentes. quatre suspects ont ete transferes au ct/cte d'isiro et trois suspects de l'as babonde evacues vers l"
"082","2026-08-04","Ituri",468,,,,,,25,,"PECH two-column box","25 nouveaux gueris ; 468 patients en isolement"
"082","2026-08-04","Nord-Kivu",186,,,,11,58,2,6,"PECH two-column box","11 admissions de confirmes et 43 de suspects, pour 2 gueris (katwa et butembo), 6 deces et 58 sorties non-cas ; 186 malades en isolement en fin de journee (26 confirmes, 160 suspects). le cumul provincial atteint 187 cas admis au cte/ct, 67 deces et 18 perdus de vue, pour une mortalite intra-cte de "
"082","2026-08-04","Tshopo",,,,,1,,,,"PECH two-column box","une nouvelle admission — une suspecte de 13 ans au ct de l'hc kisangani, arrivee de nia-nia le 27 juillet"
"083","2026-08-05","Ituri",468,,833,,,,15,,"PECH two-column box","15 nouveaux gueris ; 468 patients en isolement pour 833 lits (56 %), dont 271 confirmes et 197 suspects, avec 55 cas severes ou critiques ; appui nutritionnel : 1 045 repas chauds servis dont 760 aux contacts, 121 aux confirmes, 111 aux suspects et 53 aux ppl, ainsi que 7 enfants de moins de 6 mois "
"083","2026-08-05","Nord-Kivu",205,,,,8,,0,5,"PECH two-column box","8 admissions de cas confirmes et 48 de suspects, aucun gueri, 5 deces et 34 non-cas ; 205 malades en hospitalisation (173 suspects et 32 confirmes). le cumul atteint 186 cas admis en cte-ct, 67 deces et 71 gueris, pour une mortalite intra-cte de 36 %. deces du cas confirme de lubero ; evaluation du "
"083","2026-08-05","Tshopo",,,,,2,,,,"PECH two-column box","deux nouvelles admissions, celle du cas confirme de l'as de baego (zs de bafwasende) ramene au cte de l'hc kisangani lors d'une descente conjointe, et celle d'un suspect transfere de rekapi. le cumul provincial s'etablit a 6 cas confirmes hospitalises dont 2 deces, 1 gueri et 2 en cours de traitemen"
"084","2026-08-06","Ituri",488,,833,,,,,,"Continuité des soins / Prise en charge holistique section","29 ambulances etaient affectees a la riposte, dont 24 disponibles. au total, 45 courses ont ete realisees avec succes, permettant l'evacuation de 45 patients. l'occupation des structures de prise en charge atteint 488 lits sur 833 (59 %)."
"085","2026-08-07","Ituri",595,,860,,85,73,14,,"Continuité des soins / Prise en charge holistique section","29 ambulances etaient affectees a la riposte, dont 25 disponibles ; 43 courses realisees, dont 42 avec succes, pour 51 patients evacues. les cte/ct ont enregistre 85 admissions et 73 sorties, dont 14 gueris ; l'occupation atteint 595 patients pour 860 lits (69,2"
"085","2026-08-07","Nord-Kivu",,,,,37,,4,8,"Continuité des soins / Prise en charge holistique section","247 admissions cumulees dans les cte/ct, dont 200 cas confirmes, pour une mortalite intra-cte de 39 % ; 37 admissions, 4 gueris et 8 deces notifies ce jour."
"086","2026-08-08","Ituri",501,,840,,73,82,21,,"Continuité des soins / Prise en charge holistique section","29 ambulances etaient affectees a la riposte, dont 26 disponibles ; 28 courses realisees, dont 26 avec succes, pour 29 patients evacues. les cte/ct ont enregistre 73 admissions et 82 sorties, dont 21 gueris ; l'occupation atteint 501 patients pour 840 lits (60"
"086","2026-08-08","Nord-Kivu",,,,,66,,0,6,"Continuité des soins / Prise en charge holistique section","239 admissions cumulees dans les cte/ct, dont 208 cas confirmes, pour une mortalite intra-cte de 39 % ; 66 admissions, aucun gueri ce jour tandis que 6 deces intra-cte ont ete rapporte."
"087","2026-08-09","Ituri",508,,840,,82,75,17,,"Continuité des soins / Prise en charge holistique section","30 ambulances etaient affectees a la riposte, dont 26 disponibles ; 34 courses realisees, dont 32 avec succes, pour 36 patients evacues. les cte/ct ont enregistre 82 admissions et 75 sorties, dont 17 gueris ; l'occupation atteint 508 patients pour 840 lits (61%) 4 specifiquement en ituri, avec satur"
"087","2026-08-09","Nord-Kivu",,,,,48,,3,5,"Continuité des soins / Prise en charge holistique section","232 admissions cumulees dans les cte/ct, dont 212 cas confirmes, pour une mortalite intra-cte de 39 % ; 48 admissions et 3 gueris ce jour tandis que 5 deces intra- cte ont ete rapportes."
"088","2026-08-10","Ituri",417,,845,,78,63,16,,"Continuité des soins / Prise en charge holistique section","26 ambulances disponibles sur 30 affectees a la riposte, 38 courses realisees, dont 32 avec succes, pour 37 patients evacues. les cte/ct ont enregistre 78 admissions et 63 sorties, dont 16 gueris au cours des dernieres 24h ; l'occupation atteint 417 patients pour 845 lits (49,3%) specifiquement en i"
"088","2026-08-10","Nord-Kivu",,,,,47,,1,7,"Continuité des soins / Prise en charge holistique section","215 admissions cumulees dans les cte/ct, dont 212 cas confirmes, pour une mortalite intra-cte de 40 % ; 47 admissions et 1 gueri ce jour tandis que 7 deces intra- cte ont ete rapportes."
"089","2026-08-11","Ituri",375,,845,,52,,29,,"Continuité des soins / Prise en charge holistique section","31 ambulances disponibles sur 33 affectees a la riposte, 30 courses realisees avec succes (100 %). les cte/ct ont enregistre 52 admissions et 29 gueris au cours des dernieres 24h ; l'occupation atteint 375 patients pour 845 lits (44,4%) specifiquement en ituri, avec saturation des cte de rwampara, b"
"089","2026-08-11","Nord-Kivu",176,,,,52,,2,6,"Continuité des soins / Prise en charge holistique section","219 admissions cumulees dans les cte/ct, pour une mortalite intra-cte de 42 % ; 52 admissions du jour (4 confirmes et 48 suspects), 2 gueris et 6 deces intra-cte, pour 176 malades en hospitalisation (25 confirmes et 151 suspects)."
"090","2026-08-12","Ituri",438,,973,,83,,42,,"Continuité des soins / Prise en charge holistique section","30 ambulances sont disponibles sur 33 affectees a la riposte : 22 courses realisees avec succes (100 %). les cte/ct ont enregistre 83 admissions et 42 gueris au cours des dernieres 24h ; l’occupation atteint 438 patients pour 973 lits (45 %), soit 179 confirmes sur 496 lits (36,1 %) et 259 suspect"
"090","2026-08-12","Nord-Kivu",180,,,,63,,5,10,"Continuité des soins / Prise en charge holistique section","231 admissions cumulees dans les cte/ct ; 63 admissions du jour (6 confirmes et 57 suspects), 5 gueris, 10 deces et 36 suspects non-cas. ainsi, 180 malades en hospitalisation (24 confirmes et 146 suspects)"
"090","2026-08-12","Haut-Uele",53,,,,11,,4,,"Continuité des soins / Prise en charge holistique section","11 nouvelles admissions (1 confirme et 10 suspects) ont ete enregistrees a boma mangbetu et 4 gueris ont ete decharges au cth d’isiro ; 53 patients sont hospitalises"
"090","2026-08-12","Sud-Kivu",11,,,,,,,,"Continuité des soins / Prise en charge holistique section","11 cas suspects sont suivis en hospitalisation (7 a katana et 4 a miti- murhesa)."
"091","2026-08-13","Ituri",528,,985,,108,,11,,"Continuité des soins / Prise en charge holistique section","29 ambulances sont disponibles sur 32 affectees a la riposte : 58 courses realisees avec succes (100 %). les cte/ct ont enregistre 108 admissions et 11 gueris au cours des dernieres 24h ; l’occupation atteint 528 patients pour 985 lits (53,6 %), soit 245 confirmes sur 489 lits (50,1 %) et 283 susp"
"091","2026-08-13","Nord-Kivu",,,,,48,34,0,3,"Continuité des soins / Prise en charge holistique section","48 nouvelles admissions ont ete enregistrees (2 confirmes au cte de katwa et 46 suspects), pour 34 sorties dont 31 non-cas, aucun gueri et 3 deces parmi les suspects 6"
"091","2026-08-13","Haut-Uele",56,,84,,4,,0,,"Continuité des soins / Prise en charge holistique section","4 nouvelles admissions ont ete enregistrees (2 confirmes a isiro et 2 suspects) et aucun gueri n’a ete decharge ; 56 patients sont hospitalises (33 confirmes et 23 suspects) pour 84 lits montes (46 pour les confirmes et 38 pour les suspects), avec depassement de la capacite d’accueil du centre d"
"091","2026-08-13","Sud-Kivu",6,,,,,,,,"Continuité des soins / Prise en charge holistique section","6 cas suspects sont suivis a l’isolement de la zs de katana."
"092","2026-08-14","Ituri",545,,991,,88,83,27,,"Continuité des soins / Prise en charge holistique section","28 ambulances sont disponibles sur 32 affectees a la riposte : 43 courses realisees avec succes (100 %). les cte/ct ont enregistre 88 admissions, 27 gueris et 83 sorties au cours des dernieres 24h ; l’occupation atteint 545 patients pour 991 lits (55,0 %), soit 243 confirmes sur 497 lits (48,9 %) "
"092","2026-08-14","Nord-Kivu",165,,206,94.3,56,42,3,2,"Continuité des soins / Prise en charge holistique section","56 nouvelles admissions ont ete enregistrees (7 confirmes, dont 6 au cte de katwa et 1 a vuhovi, et 49 suspects), pour 42 sorties dont 37 non-cas, 3 gueris et 2 deces confirmes (1 a katwa et 1 a vuhovi). ainsi, 165 malades sont en hospitalisation (31 confirmes et 134 suspects) pour 206 lits (80,1 %)"
"092","2026-08-14","Haut-Uele",61,,84,,13,,0,,"Continuité des soins / Prise en charge holistique section","13 nouvelles admissions ont ete enregistrees (4 confirmes et 9 suspects) et aucun gueri n’a ete decharge ; 61 patients sont hospitalises (37 confirmes et 24 suspects) pour 84 lits montes (46 pour les confirmes et 38 pour les suspects), avec depassement de la capacite d’accueil du centre d’isol"
"092","2026-08-14","Sud-Kivu",6,,,,,,,,"Continuité des soins / Prise en charge holistique section","6 cas suspects sont suivis a l’isolement de la zs de katana (fomulac) ; aucun cas confirme n’est admis au cte et la province totalise 65 jours sans nouveau cas confirme depuis le 10 juin 2026. 6"
"093","2026-08-15","Ituri",548,,991,,116,116,34,23,"Continuité des soins / Prise en charge holistique section","30 ambulances sont disponibles sur 32 (94 %), dont 17 utilisees (57 %) pour 28 courses reussies sur 28 (100 %). les cte/ct ont enregistre 116 nouvelles admissions — toutes suspectes, dont 1 ppl (medecin de l’hgr de lita) et 7 en phase avancee — et 116 sorties dont 34 gueris, 51 non-cas, 8 evad"
"093","2026-08-15","Nord-Kivu",170,,,,,,,,"Continuité des soins / Prise en charge holistique section","32 nouvelles admissions ont ete enregistrees (1 confirme au cte de katwa et 31 suspects), pour 42 sorties dont 36 non-cas, 1 evade a masereka (cumul des evades : 22) et 5 deces dont 3 confirmes (1 a katwa et 2 a beni). ainsi, 170 malades sont hospitalises"
"093","2026-08-15","Tshopo",8,,12,75.0,1,,,,"Continuité des soins / Prise en charge holistique section","une nouvelle admission a ete enregistree (femme de 29 ans, zs de kabondo) et 8 patients sont en isolement au cte hc de kisangani (3 confirmes et 5 suspects) pour 12 lits, soit 66,7 % d’occupation (75 % pour les confirmes et 62,5 % pour les suspects) ; 20 contacts a haut risque sont pris en charge "
"093","2026-08-15","Sud-Kivu",7,,,,,,,,"Continuité des soins / Prise en charge holistique section","7 cas suspects sont suivis a l’isolement de la zs de katana (fomulac) ; aucun cas confirme n’est admis au cte et la province totalise 66 jours sans nouveau cas confirme depuis le 10 juin 2026."
"094","2026-08-16","Ituri",577,,991,58.2,127,98,18,,"Continuité des soins / Prise en charge holistique section","32 ambulances sont disponibles sur 34 (94 %), dont 16 utilisees (50 %) pour 28 courses reussies sur 28 (100 %) et une capacite de reponse de 28/39 (72 %). les cte/ct ont enregistre 127 nouvelles admissions toutes suspectes, dont 7 en phase avancee (3 mongbwalu, 1 bambu et 3 mangala) et 98 sorties do"
"094","2026-08-16","Nord-Kivu",170,,206,82.5,48,48,2,,"Continuité des soins / Prise en charge holistique section","48 nouvelles admissions ont ete enregistrees (3 confirmes et 45 suspects), pour 48 sorties dont 2 gueris au cte de kitatumba. ainsi, 170 malades sont hospitalises (32 confirmes et 138 suspects) dont 19 enfants de moins de 5 ans, pour 206 lits, soit un taux d’occupation global de 82,5 %."
"094","2026-08-16","Tshopo",,,12,,2,4,,1,"Continuité des soins / Prise en charge holistique section","deux nouvelles admissions ont ete enregistrees au cte hc de kisangani (un cas confirme/ppl) et un cas suspect, pour 4 sorties non-cas et 1 deces confirme survenu sur un tableau d’anemie severe. cinq patients sont en isolement au cte hc de kisangani pour 12 lits, soit 41,7 % d’occupation."
"095","2026-08-17","Ituri",,,,,79,120,27,,"Continuité des soins / Prise en charge holistique section","79 nouvelles admissions toutes suspectes et 11 readmissions ont ete enregistrees pour 120 sorties dont 27 gueris. ainsi, 470 patients sont hospitalises (172 confirmes et 298 suspects) pour 996 lits, soit un taux d’occupation de 47,2 %, et le cumul provincial des gueris atteint 1 000. les cte de ba"
"095","2026-08-17","Nord-Kivu",181,,206,103.5,20,12,,1,"Continuité des soins / Prise en charge holistique section","20 admissions ont ete enregistrees (2 confirmes au cte de katwa et 18 suspects) pour 12 sorties dont 1 deces suspect. ainsi, 181 malades sont hospitalises (34 confirmes et 147 suspects) pour 206 lits, soit 87,9 % d’occupation, les lits suspects atteignant 103,5 %. sept ambulances sont disponibles "
"095","2026-08-17","Haut-Uele",49,,78,,3,,3,,"Continuité des soins / Prise en charge holistique section","7 cte sont operationnels mais insuffisamment equipes, un seul etant aux normes (watsa) ; 3 nouvelles admissions et 3 gueris (1 a rungu et 2 a boma mangbetu) ont ete enregistres. ainsi, 49 malades sont hospitalises (39 confirmes et 10 suspects) pour 78 lits, soit 62,8 % d’occupation, avec une satur"
"095","2026-08-17","Sud-Kivu",14,,,,,,,,"Continuité des soins / Prise en charge holistique section","14 cas suspects restent hospitalises et la province totalise 68 jours sans nouveau cas confirme. la tshopo n’a pas rapporte."
"096","2026-08-18","Ituri",447,,965,46.3,70,95,22,,"Continuité des soins / Prise en charge holistique section","70 nouvelles admissions et 2 readmissions ont ete enregistrees pour 95 sorties, dont 22 gueris. ainsi, 447 patients sont hospitalises pour 965 lits, soit un taux d’occupation global de 46,3 %. trente-trois ambulances sur 35 sont disponibles, 14 utilisees pour 58 courses reussies sur 58."
"096","2026-08-18","Nord-Kivu",205,,206,,64,40,2,,"Continuité des soins / Prise en charge holistique section","64 admissions ont ete enregistrees (9 confirmes, dont 8 au cte de katwa et 1 au ct d’oicha, et 55 suspects) pour 40 sorties dont 2 gueris au cte de kitatumba. ainsi, 205 malades sont hospitalises pour 206 lits, soit 99,5 % d’occupation."
"096","2026-08-18","Haut-Uele",,,,40.8,,,,,"Continuité des soins / Prise en charge holistique section","53 patients sont pris en charge (36 confirmes et 17 suspects) ; 52 lits des hgr de wamba et d’isiro ont ete affectes aux cte et un pavillon de l’hgr de wamba amenage, portant la capacite provinciale a 130 lits (occupation 40,8 %)."
"096","2026-08-18","Tshopo",,,12,,1,,,,"Continuité des soins / Prise en charge holistique section","une nouvelle admission d’un suspect au cte hc kisangani porte a 5 le nombre de patients isoles pour 12 lits (41,7 % d’occupation)."
"096","2026-08-18","Sud-Kivu",20,,,,,,,,"Continuité des soins / Prise en charge holistique section","20 cas suspects restent hospitalises."
"097","2026-08-19","Ituri",551,,965,57.1,138,129,36,,"Continuité des soins / Prise en charge holistique section","138 nouvelles admissions et 6 readmissions ont ete enregistrees pour 129 sorties, dont 36 gueris. ainsi, 551 patients sont hospitalises pour 965 lits, soit un taux d’occupation global de 57,1 %. vingt-sept ambulances sur 30 sont disponibles, 14 utilisees pour 25 courses reussies sur 25."
"097","2026-08-19","Nord-Kivu",196,,206,,46,55,1,,"Continuité des soins / Prise en charge holistique section","46 admissions ont ete enregistrees (4 confirmes, dont 2 au cte de katwa et 2 au ct de beni, et 42 suspects) pour 55 sorties dont 1 gueri au ct de vuhovi. ainsi, 196 malades sont hospitalises pour 206 lits, soit 95,1 % d’occupation."
"097","2026-08-19","Haut-Uele",,,,44.6,,,,,"Continuité des soins / Prise en charge holistique section","53 patients sont pris en charge (36 confirmes et 17 suspects) ; 52 lits des hgr de wamba et d’isiro ont ete affectes aux cte et un pavillon de l’hgr de wamba amenage, portant la capacite provinciale a 130 lits (taux d’occupation 44,6 %)."
"097","2026-08-19","Tshopo",,,14,,1,,,,"Continuité des soins / Prise en charge holistique section","une nouvelle admission d’un suspect au cte hc kisangani porte a 5, le nombre de patients isoles pour 14 lits (41,7 % d’occupation)."
"097","2026-08-19","Sud-Kivu",25,,,,,,,,"Continuité des soins / Prise en charge holistique section","25 cas suspects restent hospitalises."
"098","2026-08-20","Ituri",536,,965,55.2,89,116,9,,"Continuité des soins / Prise en charge holistique section","89 nouvelles admissions et 3 readmissions ont ete enregistrees pour 116 sorties, dont 9 gueris. ainsi, 536 patients sont hospitalises pour 965 lits, soit un taux d’occupation global de 55,2 %."
"098","2026-08-20","Nord-Kivu",169,,206,,41,60,2,,"Continuité des soins / Prise en charge holistique section","41 admissions ont ete enregistrees (4 confirmes et 37 suspects) pour 60 sorties dont 2 gueris au cte de kitatumba. ainsi, 169 malades sont hospitalises pour 206 lits, soit 82,0 % d’occupation."
"098","2026-08-20","Tshopo",,,12,,,,,,"Continuité des soins / Prise en charge holistique section","trois nouvelles admissions de cas suspects au cte hc kisangani portent a 6 le nombre de patients isoles (3 confirmes et 3 suspects) pour 12 lits, soit 50,0 % d’occupation ; un deces d’un cas confirme est survenu au 9ᵉ jour d’hospitalisation."
"098","2026-08-20","Bas-Uele",1,,3,,,,,,"Continuité des soins / Prise en charge holistique section","1 patient est en isolement au centre de transit de limba (zs de viadana) pour 3 lits, soit 33,3 % d’occupation ; aucune ambulance n’est disponible pour la riposte."
"098","2026-08-20","Sud-Kivu",25,,,,,,,,"Continuité des soins / Prise en charge holistique section","25 cas suspects restent hospitalises."
"099","2026-08-21","Ituri",521,,965,54.0,98,115,9,,"Continuité des soins / Prise en charge holistique section","98 nouvelles admissions et 2 readmissions ont ete enregistrees pour 115 sorties, dont 9 gueris et 14 evades. ainsi, 521 patients sont hospitalises pour 965 lits, soit un taux d’occupation global de 54%."
"099","2026-08-21","Nord-Kivu",176,,206,,66,59,4,,"Continuité des soins / Prise en charge holistique section","66 admissions ont ete enregistrees (5 confirmes et 61 suspects) pour 59 sorties dont 4 gueris au cte de katwa. ainsi, 176 malades sont hospitalises pour 206 lits, soit 85,4 % d’occupation."
"099","2026-08-21","Tshopo",,,14,,1,1,,,"Continuité des soins / Prise en charge holistique section","une nouvelle admission de cas suspect au cte hc kisangani et une sortie de guerison portent a 5 le nombre de patients isoles (1 confirme et 4 suspects) pour 14 lits, soit 35,7 % d’occupation."
"099","2026-08-21","Haut-Uele",69,,130,,11,,2,,"Continuité des soins / Prise en charge holistique section","11 admissions ont ete enregistrees, tous suspects et 2 gueris. ainsi, 69 malades sont hospitalises pour 130 lits, soit 53,1 % d’occupation."
"099","2026-08-21","Sud-Kivu",27,,,,,,,,"Continuité des soins / Prise en charge holistique section","27 cas suspects restent hospitalises. 7"
"100","2026-08-22","Ituri",528,,965,54.7,94,87,14,,"Continuité des soins / Prise en charge holistique section","94 nouvelles admissions ont ete enregistrees pour 87 sorties, dont 14 gueris et aucun evade. ainsi, 528 patients sont hospitalises pour 965 lits, soit un taux d’occupation global de 54,7%."
"100","2026-08-22","Nord-Kivu",167,,206,,19,28,3,,"Continuité des soins / Prise en charge holistique section","19 admissions ont ete enregistrees (5 confirmes et 14 suspects) pour 28 sorties dont 3 gueris au cte de beni. ainsi, 167 malades sont hospitalises pour 206 lits, soit 81,1 % d’occupation."
"100","2026-08-22","Tshopo",,,14,,1,1,,,"Continuité des soins / Prise en charge holistique section","une nouvelle admission de cas suspect au cte hc kisangani et une sortie de guerison portent a 4 le nombre de patients isoles (1 confirme et 3 suspects) pour 14 lits, soit 28,6 % d’occupation."
"100","2026-08-22","Haut-Uele",72,,130,,11,,,,"Continuité des soins / Prise en charge holistique section","11 admissions ont ete enregistrees (4 confirmes et 7 suspects). ainsi, 72 malades sont hospitalises pour 130 lits, soit 55,4 % d’occupation."
"100","2026-08-22","Sud-Kivu",29,,,,,,,,"Continuité des soins / Prise en charge holistique section","29 cas suspects restent hospitalises."
"101","2026-08-23","Ituri",555,,965,57.5,118,91,13,,"Continuité des soins / Prise en charge holistique section","118 nouvelles admissions ont ete enregistrees et 91 sorties dont 13 gueris. ainsi, 555 patients sont hospitalises pour 965 lits, soit un taux d’occupation global de 57,5 %."
"101","2026-08-23","Nord-Kivu",181,,206,87.9,38,17,,,"Continuité des soins / Prise en charge holistique section","38 admissions ont ete enregistrees pour 17 sorties. au terme de la journee, 181 patients sont hospitalises pour 206 lits, soit un taux d’occupation global de 87,9 %."
"101","2026-08-23","Tshopo",,,14,,4,1,,,"Continuité des soins / Prise en charge holistique section","4 nouvelles admissions de cas suspects et une sortie (transfert au cte) portent a 7 le nombre de patients isoles (1 confirme et 6 suspects) pour 14 lits, soit 50,0 % d’occupation."
"101","2026-08-23","Sud-Kivu",30,,,,,,,,"Continuité des soins / Prise en charge holistique section","30 cas suspects restent en isolement."
"101","2026-08-23","Haut-Uele",72,,130,,8,8,2,,"Continuité des soins / Prise en charge holistique section","8 admissions ont ete enregistrees (1 confirme et 7 suspects) pour 8 sorties, dont 2 gueris. un total de 72 patients sont en isolement pour 130 lits, soit 56,2%."
"102","2026-08-24","Ituri",522,,978,53.4,76,109,23,,"Continuité des soins / Prise en charge holistique section","76 nouvelles admissions ont ete enregistrees et 109 sorties dont 23 gueris. ainsi, 522 patients sont hospitalises pour 978 lits, soit un taux d’occupation global de 53,4 %."
"102","2026-08-24","Nord-Kivu",178,,206,86.4,32,35,4,,"Continuité des soins / Prise en charge holistique section","32 admissions ont ete enregistrees pour 35 sorties dont 4 gueris. au terme de la journee, 178 patients sont hospitalises pour 206 lits, soit un taux d’occupation global de 86,4 %."
"102","2026-08-24","Tshopo",,,14,,4,,,,"Continuité des soins / Prise en charge holistique section","4 nouvelles admissions de cas suspects et 10 patients isoles pour 14 lits, soit 71,4 % d’occupation"
"102","2026-08-24","Bas-Uele",1,,,,,,,,"Continuité des soins / Prise en charge holistique section","1 cas confirme est en isolement a l’hgr ganga."
"102","2026-08-24","Haut-Uele",81,,130,,12,3,3,,"Continuité des soins / Prise en charge holistique section","12 admissions ont ete enregistrees pour 3 sorties, dont 3 gueris. un total de 81 patients sont en isolement pour 130 lits, soit 62,3 %."
"103","2026-08-25","Ituri",488,,978,49.9,88,97,20,,"Continuité des soins / Prise en charge holistique section","88 nouvelles admissions ont ete enregistrees et 97 sorties dont 20 gueris. ainsi, 488 patients sont hospitalises pour 978 lits, soit un taux d’occupation global de 49,9 %."
"103","2026-08-25","Nord-Kivu",194,,206,94.2,53,37,1,,"Continuité des soins / Prise en charge holistique section","53 admissions ont ete enregistrees contre 37 sorties dont 1 gueri. au terme de la journee, 194 patients sont hospitalises pour 206 lits, soit un taux d’occupation global de 94,2 %."
"103","2026-08-25","Tshopo",,,14,,3,,,,"Continuité des soins / Prise en charge holistique section","3 nouvelles admissions de cas suspects et 8 patients isoles pour 14 lits, soit 57,1% d’occupation"
"103","2026-08-25","Bas-Uele",1,,,,,,,,"Continuité des soins / Prise en charge holistique section","1 cas confirme est en isolement a l’hgr ganga."
"103","2026-08-25","Haut-Uele",79,,120,,9,6,3,,"Continuité des soins / Prise en charge holistique section","9 admissions ont ete enregistrees contre 6 sorties, dont 3 gueris. un total de 79 patients sont en isolement pour 120 lits, soit 65,8% de taux d’occupation."
"104","2026-08-26","Ituri",549,,978,56.1,111,85,12,,"Continuité des soins / Prise en charge holistique section","111 nouvelles admissions ont ete enregistrees et 85 sorties dont 12 gueris. ainsi, 549 patients sont hospitalises pour 978 lits, soit un taux d’occupation global de 56,1%. 6"
"104","2026-08-26","Nord-Kivu",214,,206,103.9,69,33,1,,"Continuité des soins / Prise en charge holistique section","69 admissions ont ete enregistrees contre 33 sorties dont 1 gueri. au terme de la journee, 214 patients sont hospitalises pour 206 lits, soit un taux d’occupation global de 103,9 %."
"104","2026-08-26","Tshopo",,,14,,2,,,,"Continuité des soins / Prise en charge holistique section","2 nouvelles admissions de cas suspects et 11 patients isoles pour 14 lits, soit 78,6% d’occupation."
"104","2026-08-26","Haut-Uele",68,,,,17,15,11,,"Continuité des soins / Prise en charge holistique section","17 admissions ont ete enregistrees (3 confirmes et 14 suspects) contre 15 sorties dont 11 gueris. ainsi, 68 patients sont en isolement, soit 56,7% des lits occupes."
"105","2026-08-27","Ituri",522,,978,53.4,119,105,22,,"Continuité des soins / Prise en charge holistique section","119 nouvelles admissions ont ete enregistrees et 105 sorties dont 22 gueris. ainsi, 522 patients sont hospitalises pour 978 lits, soit un taux d’occupation global de 53,4 %."
"105","2026-08-27","Nord-Kivu",232,,220,105.5,89,42,1,,"Continuité des soins / Prise en charge holistique section","89 admissions ont ete enregistrees contre 42 sorties dont 1 gueri. au terme de la journee, 232 patients sont hospitalises pour 220 lits, soit un taux d’occupation global de 105,5 %."
"105","2026-08-27","Bas-Uele",1,,,25.0,,,,,"Continuité des soins / Prise en charge holistique section","1 patient confirme est en cours de soins (taux d’occupation : 25,0%)."
"105","2026-08-27","Haut-Uele",,,,,,,2,,"Continuité des soins / Prise en charge holistique section","2 nouveaux gueris ont ete decharges."
"106","2026-08-28","Ituri",552,,978,56.4,113,97,8,,"Continuité des soins / Prise en charge holistique section","113 nouvelles admissions ont ete enregistrees et 97 sorties dont 8 gueris. ainsi, 552 patients sont hospitalises pour 978 lits, soit un taux d’occupation de 56,4 %."
"106","2026-08-28","Nord-Kivu",236,,220,107.3,75,64,1,,"Continuité des soins / Prise en charge holistique section","75 admissions ont ete enregistrees contre 64 sorties dont 1 gueri. au decours de la journee, 236 patients sont hospitalises pour 220 lits, soit un taux d’occupation de 107,3 %."
"106","2026-08-28","Bas-Uele",1,,3,33.3,,,,,"Continuité des soins / Prise en charge holistique section","1 patient confirme est en cours de soins pour 3 lits disponibles (taux d’occupation : 33,3 %)"
"106","2026-08-28","Haut-Uele",70,,120,58.3,11,7,,,"Continuité des soins / Prise en charge holistique section","11 nouvelles admissions de cas suspects ont ete enregistrees et 7 sorties, 70 patients sont hospitalises pour 120 lits, soit un taux d’occupation de 58,3 % ;"
"106","2026-08-28","Tshopo",11,,25,44.0,3,4,,,"Continuité des soins / Prise en charge holistique section","3 nouvelles admissions ont ete enregistrees contre 4 sorties et 11 patients sont en isolement pour 25 lits, soit un taux d’occupation global de 44,0%."
"106","2026-08-28","Sud-Kivu",26,,,,,,,,"Continuité des soins / Prise en charge holistique section","26 patients restent en isolement."
"107","2026-08-29","Ituri",550,,978,56.2,117,119,34,,"Continuité des soins / Prise en charge holistique section","117 nouvelles admissions ont ete enregistrees et 119 sorties dont 34 gueris. ainsi, 550 patients sont hospitalises pour 978 lits, soit un taux d’occupation de 56,2 %."
"107","2026-08-29","Haut-Uele",44,,120,,12,9,5,,"Continuité des soins / Prise en charge holistique section","12 nouvelles admissions de cas suspects ont ete enregistrees et 9 sorties dont 5 gueris ; 44 patients sont hospitalises pour 120 lits, soit un taux d’occupation de 36,7"
"107","2026-08-29","Tshopo",10,,25,40.0,1,4,,,"Continuité des soins / Prise en charge holistique section","1 nouvelle admission a ete enregistree contre 4 sorties et 10 patients sont en isolement pour 25 lits, soit un taux d’occupation global de 40,0%."
"107","2026-08-29","Sud-Kivu",15,,,,,,,,"Continuité des soins / Prise en charge holistique section","15 cas suspects restent suivis en hospitalisation."
"108","2026-08-30","Ituri",524,,978,53.6,75,81,13,,"Continuité des soins / Prise en charge holistique section","75 nouvelles admissions dans les differentes structures dediees et 81 sorties dont 13 gueris. ainsi, 524 patients sont hospitalises pour 978 lits, soit un taux d’occupation de 53,6 %."
"108","2026-08-30","Nord-Kivu",282,,,128.2,75,54,3,,"Continuité des soins / Prise en charge holistique section","75 nouvelles admissions et 54 sorties dont 3 gueris ; 282 patients sont hospitalises et le taux d’occupation global des lits en cte/ct est en sursaturation (128,2 % ; 282/220)."
"108","2026-08-30","Tshopo",7,,25,32.0,0,,1,,"Continuité des soins / Prise en charge holistique section","aucune nouvelle admission n’a ete enregistree. sept sorties rapportees dont 1 gueri, 7 patients sont en isolement pour 25 lits, soit un taux d’occupation global de 32,0%."
"109","2026-08-31","Ituri",539,,978,55.1,97,82,16,,"Continuité des soins / Prise en charge holistique section","97 nouvelles admissions dans les differentes structures dediees contre 82 sorties dont 16 gueris. ainsi, 539 patients sont hospitalises pour 978 lits, soit un taux d’occupation de 55,1 %."
"109","2026-08-31","Nord-Kivu",283,,,128.6,55,54,6,,"Continuité des soins / Prise en charge holistique section","55 nouvelles admissions et 54 sorties dont 6 gueris ; 283 patients sont hospitalises et le taux d’occupation global des lits en cte/ct est en sursaturation (128,6 % ; 283/220)."
"109","2026-08-31","Sud-Kivu",8,,25,32.0,0,,,,"Continuité des soins / Prise en charge holistique section","aucune nouvelle admission n’a ete enregistree. huit (8) patients sont en isolement pour 25 lits, soit un taux d’occupation global de 32,0%."
"110","2026-09-01","Ituri",564,,978,57.7,112,87,27,,"Continuité des soins / Prise en charge holistique section","112 nouvelles admissions dans les differentes structures dediees contre 87 sorties dont 27 gueris. ainsi, 564 patients sont hospitalises pour 978 lits, soit un taux d’occupation de 57,7 %."
"110","2026-09-01","Nord-Kivu",232,,,105.5,60,62,2,,"Continuité des soins / Prise en charge holistique section","60 nouvelles admissions et 62 sorties dont 2 gueris ; 232 patients sont hospitalises et le taux d’occupation global des lits en cte/ct est en sursaturation (105,5 % ; 232/220)."
"110","2026-09-01","Sud-Kivu",8,,25,32.0,0,,,,"Continuité des soins / Prise en charge holistique section","aucune nouvelle admission n’a ete enregistree. huit (8) patients sont en isolement pour 25 lits, soit un taux d’occupation global de 32,0%."
"110","2026-09-01","Haut-Uele",,,,51.7,11,,,,"Continuité des soins / Prise en charge holistique section","11 nouvelles admissions ont ete enregistrees. au terme de la journee, 62 patients, soit un taux d’occupation global de 51,7% (120 lits)."
"110","2026-09-01","Tshopo",,,,,1,3,1,,"Continuité des soins / Prise en charge holistique section","une nouvelle admission a ete enregistree contre 3 sorties dont 1 gueri. trois"
"111","2026-09-02","Ituri",434,,978,44.4,63,106,28,,"Continuité des soins / Prise en charge holistique section","63 nouvelles admissions dans les differentes structures dediees contre 106 sorties dont 28 gueris. ainsi, 434 patients sont hospitalises pour 978 lits, soit un taux d’occupation de 44,4 %."
"111","2026-09-02","Nord-Kivu",261,,220,118.6,73,50,6,,"Continuité des soins / Prise en charge holistique section","73 nouvelles admissions et 50 sorties enregistrees dont 6 gueris ; 261 patients sont hospitalises et le taux d’occupation global des lits en cte/ct est en sursaturation (118,6 % ; 220 lits disponibles)."
"111","2026-09-02","Haut-Uele",,,,46.7,9,,,,"Continuité des soins / Prise en charge holistique section","9 nouvelles admissions ont ete enregistrees. au terme de la journee, 56 patients, soit un taux d’occupation global de 46,7% (120 lits)."
"111","2026-09-02","Tshopo",7,,25,28.0,3,,,,"Continuité des soins / Prise en charge holistique section","3 nouvelles admissions ont ete enregistrees. sept (7) patients sont en isolement pour 25 lits, soit un taux d’occupation global de 28,0%."
"112","2026-09-03","Ituri",434,,978,44.4,53,66,18,,"Continuité des soins / Prise en charge holistique section","53 nouvelles admissions dans les differentes structures dediees contre 66 sorties dont 18 gueris. ainsi, 434 patients sont hospitalises pour 978 lits, soit un taux d’occupation de 44,4 %. 6"
"112","2026-09-03","Nord-Kivu",225,,220,102.7,70,78,2,,"Continuité des soins / Prise en charge holistique section","70 nouvelles admissions et 78 sorties enregistrees dont 2 gueris ; 225 patients sont hospitalises exprimant un taux d’occupation global des lits en cte/ct est en sursaturation (102,7 % ; 220 lits disponibles)."
"112","2026-09-03","Haut-Uele",62,,128,50.8,14,7,,2,"Continuité des soins / Prise en charge holistique section","14 nouvelles admissions contre 7 sorties (4 non-cas, 2 deces suspects et 1 evasion d’un confirme). ainsi, 62 patients sont hospitalises (49 confirmes et 13 suspects) pour 128 lits, soit un taux d’occupation de 50,8 %."
"112","2026-09-03","Tshopo",6,,25,24.0,0,,,,"Continuité des soins / Prise en charge holistique section","aucune nouvelle admission n’a ete enregistree et un cas confirme s’est evade au j4 d’hospitalisation. six (6) patients sont en isolement pour 25 lits, soit un taux d’occupation de 24,0 %"
"113","2026-09-04","Ituri",495,,978,50.6,96,110,19,,"Continuité des soins / Prise en charge holistique section","96 nouvelles admissions dans les differentes structures dediees contre 110 sorties dont 19 gueris. ainsi, 495 patients sont hospitalises pour 978 lits, soit un taux d’occupation de 50,6%."
"113","2026-09-04","Nord-Kivu",237,,220,107.7,78,58,2,,"Continuité des soins / Prise en charge holistique section","78 nouvelles admissions et 58 sorties enregistrees dont 2 gueris ; 237 patients sont hospitalises exprimant un taux d’occupation global des lits en cte/ct est en sursaturation (107,7 % ; 220 lits disponibles)."
"113","2026-09-04","Haut-Uele",62,,128,48.4,10,7,0,,"Continuité des soins / Prise en charge holistique section","10 nouvelles admissions contre 7 sorties (aucun gueri). ainsi, 62 patients sont hospitalises pour 128 lits, soit un taux d’occupation de 48,4%."
"113","2026-09-04","Tshopo",7,,25,28.0,0,1,,,"Continuité des soins / Prise en charge holistique section","aucune nouvelle admission enregistree et une sortie non-cas. sept (7) patients sont en isolement pour 25 lits, soit un taux d’occupation de 28,0 %"
"113","2026-09-04","Sud-Kivu",16,,25,64.0,5,0,,,"Continuité des soins / Prise en charge holistique section","5 nouvelles admissions et aucune sortie. seize (16) patients sont en isolement pour 25 lits, soit un taux d’occupation de 64,0 %"
"114","2026-09-05","Ituri",510,,978,52.1,100,85,21,,"Continuité des soins / Prise en charge holistique section","100 nouvelles admissions dans les differentes structures dediees contre 85 sorties dont 21 gueris. ainsi, 510 patients sont hospitalises pour 978 lits, soit un taux d’occupation de 52,1%."
"114","2026-09-05","Nord-Kivu",253,,220,115.0,54,38,2,,"Continuité des soins / Prise en charge holistique section","54 nouvelles admissions et 38 sorties enregistrees dont 2 gueris ; 253 patients sont hospitalises exprimant un taux d’occupation global des lits en cte/ct est en sursaturation (115,0 % ; 220 lits disponibles)."
"114","2026-09-05","Haut-Uele",65,,128,50.8,15,7,8,,"Continuité des soins / Prise en charge holistique section","15 nouvelles admissions contre 7 sorties (8 gueri). ainsi, 65 patients sont hospitalises pour 128 lits, soit un taux d’occupation de 50,8%."
"114","2026-09-05","Tshopo",6,,25,24.0,1,,1,,"Continuité des soins / Prise en charge holistique section","une nouvelle admission a ete enregistree et deux sorties (1 gueri). six (6) patients sont en isolement pour 25 lits, soit un taux d’occupation de 24,0 %"
"114","2026-09-05","Sud-Kivu",17,,25,68.0,,,,,"Continuité des soins / Prise en charge holistique section","dix-sept (17) patients sont en isolement pour 25 lits, soit un taux d’occupation de 68,0 %"
"115","2026-09-06","Ituri",484,,978,49.5,55,79,11,,"Continuité des soins / Prise en charge holistique section","55 nouvelles admissions dans les differentes structures dediees contre 79 sorties dont 11 gueris. ainsi, 484 patients sont hospitalises pour 978 lits, soit un taux d’occupation de 49,5%."
"115","2026-09-06","Nord-Kivu",262,,220,123.2,67,58,1,,"Continuité des soins / Prise en charge holistique section","67 nouvelles admissions et 58 sorties enregistrees dont 1 gueri ; 262 patients sont hospitalises exprimant un taux d’occupation global des lits en cte/ct est en sursaturation (123,2 % ; 220 lits disponibles). 6"
"115","2026-09-06","Haut-Uele",68,,128,50.8,13,6,3,,"Continuité des soins / Prise en charge holistique section","13 nouvelles admissions contre 6 sorties (3 gueri). ainsi, 68 patients sont hospitalises pour 128 lits, soit un taux d’occupation de 50,8%."
"115","2026-09-06","Tshopo",5,,25,20.0,0,,0,,"Continuité des soins / Prise en charge holistique section","aucune nouvelle admission n’a ete enregistree et deux sorties (aucun gueri). cinq (5) patients sont en isolement pour 25 lits, soit un taux d’occupation de 20,0 %."
"116","2026-09-07","Ituri",473,,978,48.4,77,88,21,,"Continuité des soins / Prise en charge holistique section","77 nouvelles admissions dans les differentes structures dediees contre 88 sorties dont 21 gueris. ainsi, 473 patients sont hospitalises pour 978 lits, soit un taux d’occupation de 48,4% ; 433/457 (95%) patients ont beneficie de repas chaud ; 14/14 (100%) enfants sont sous lnpe/slm au cte, 3/3 (100"
"116","2026-09-07","Nord-Kivu",254,,220,115.5,74,91,2,,"Continuité des soins / Prise en charge holistique section","74 nouvelles admissions et 91 sorties enregistrees dont 2 gueries ; 254 patients sont hospitalises exprimant un taux d’occupation global des lits en cte/ct est en sursaturation (115,5 % ; 220 lits disponibles)."
"116","2026-09-07","Haut-Uele",62,,128,48.4,11,6,4,,"Continuité des soins / Prise en charge holistique section","11 nouvelles admissions contre 6 sorties (4 gueries). ainsi, 62 patients sont hospitalises pour 128 lits, soit un taux d’occupation de 48,4%."
"116","2026-09-07","Tshopo",4,,25,16.0,2,,0,,"Continuité des soins / Prise en charge holistique section","deux nouvelles admissions ont ete enregistrees et trois sorties (aucun gueri). quatre (4) patients sont en isolement pour 25 lits, soit un taux d’occupation de 16,0 %."
"116","2026-09-07","Sud-Kivu",20,,,80.0,6,,,,"Continuité des soins / Prise en charge holistique section","6 nouvelles admissions au decours de la journee, 20 patients sont en isolement (taux d’occupation :80,0%)."
"117","2026-09-08","Ituri",471,,983,47.9,87,89,9,,"Continuité des soins / Prise en charge holistique section","87 nouvelles admissions dans les differentes structures dediees contre 89 sorties dont 9 gueris. ainsi, 471 patients sont hospitalises pour 983 lits, soit un taux d’occupation de 47,9% ; 417/448 (93 %) patients ont beneficie de repas chaud ; 14/14 (100 %) enfants sont sous lnpe/slm au cte, 3/3 (10"
"117","2026-09-08","Nord-Kivu",287,,220,130.5,88,55,1,,"Continuité des soins / Prise en charge holistique section","88 nouvelles admissions et 55 sorties enregistrees dont 1 guerie ; 287 patients sont hospitalises, soit un taux d’occupation global en sursaturation (130,5 % ; 287/220 lits disponibles)."
"117","2026-09-08","Haut-Uele",49,,134,36.6,3,16,11,,"Continuité des soins / Prise en charge holistique section","3 nouvelles admissions contre 16 sorties (11 gueries). ainsi, 49 patients sont hospitalises pour 134 lits, soit un taux d’occupation de 36,6%."
"117","2026-09-08","Tshopo",7,,25,28.0,3,0,0,,"Continuité des soins / Prise en charge holistique section","3 nouvelles admissions ont ete enregistrees et aucune sortie (aucun gueri). sept (7) patients sont en isolement pour 25 lits, soit un taux d’occupation de 28,0 %."
"117","2026-09-08","Sud-Kivu",19,,,76.0,,1,,,"Continuité des soins / Prise en charge holistique section","aucune nouvelles admissions au decours de la journee, une sortie et 19 patients sont en isolement (taux d’occupation :76,0%)."
"118","2026-09-09","Ituri",457,,989,46.2,92,106,32,,"Continuité des soins / Prise en charge holistique section","92 nouvelles admissions dans les differentes structures dediees contre 106 sorties dont 32 gueris. ainsi, 457 patients sont hospitalises pour 989 lits, soit un taux d’occupation de 46,2% ; 407/434 (94 %) patients ont beneficie de repas chaud ; 14/14 (100 %) enfants 6 sont sous lnpe/slm au cte, 3/3"
"118","2026-09-09","Nord-Kivu",291,,220,132.2,72,68,1,,"Continuité des soins / Prise en charge holistique section","72 nouvelles admissions et 68 sorties enregistrees dont 1 gueri ; 291 patients sont hospitalises, soit un taux d’occupation global en sursaturation (132,2 % ; 291/220 lits disponibles) ; 79/79 accompagnants ayant beneficies de repas chauds soit100%,179/179 prestataires de premiere ligne ayant bene"
"118","2026-09-09","Haut-Uele",54,,134,40.3,3,16,1,,"Continuité des soins / Prise en charge holistique section","3 nouvelles admissions contre 16 sorties (1 gueri). ainsi, 54 patients sont hospitalises pour 134 lits, soit un taux d’occupation de 40,3% ; de plus, 54 patients, 64 accompagnants et 26 ppl ont beneficie de trois repas chauds ; arrivee de l’equipe de l’inrb pour le traitement prophylactique et"
"118","2026-09-09","Tshopo",3,,25,12.0,0,4,2,,"Continuité des soins / Prise en charge holistique section","aucune nouvelle admission n’a ete enregistree contre 4 sorties (2 gueris). trois (3) patients sont en isolement pour 25 lits, soit un taux d’occupation de 12,0 %."
"118","2026-09-09","Sud-Kivu",18,,,,0,,,,"Continuité des soins / Prise en charge holistique section","aucune nouvelle admission, 18 cas suspects restent en isolement."
"119","2026-09-10","Ituri",435,,1005,43.3,82,104,21,,"Continuité des soins / Prise en charge holistique section","82 nouvelles admissions dans les differentes structures dediees contre 104 sorties dont 21 gueries. ainsi, 435 patients sont hospitalises pour 1005 lits, soit un taux d’occupation de 43,3% ; 399/413 (97 %) patients ont beneficie de repas chaud ; 12/12 (100 %) enfants sont sous lnpe/slm au cte, 3/3"
"119","2026-09-10","Nord-Kivu",311,,,141.4,89,75,3,,"Continuité des soins / Prise en charge holistique section","89 nouvelles admissions et 75 sorties enregistrees dont 3 gueries ; 311 patients sont hospitalises, soit un taux d’occupation global en sursaturation (141,4%) ; 49/49 malades (100 %), 3/3 accompagnants et 52/52 prestataires de premiere ligne ont beneficie de repas chauds."
"119","2026-09-10","Haut-Uele",64,,134,47.8,12,1,0,,"Continuité des soins / Prise en charge holistique section","12 nouvelles admissions contre 1 sortie (aucun gueri). ainsi, 64 patients sont hospitalises pour 134 lits, soit un taux d’occupation de 47,8% ; de plus, 64 patients, 66 accompagnants et 28 ppl ont beneficie de trois repas chauds."
"119","2026-09-10","Tshopo",,,,,1,0,0,,"Continuité des soins / Prise en charge holistique section","1 nouvelle admission a ete enregistree sans aucune sortie (aucun gueri). neuf"
"119","2026-09-10","Sud-Kivu",18,,,72.0,0,,,,"Continuité des soins / Prise en charge holistique section","aucune nouvelle admission, 18 cas suspects restent en isolement (taux d’occupation de 72,0 %)."
"120","2026-09-11","Ituri",442,,1007,43.9,94,77,11,,"Continuité des soins / Prise en charge holistique section","94 nouvelles admissions dans les differentes structures dediees contre 77 sorties dont 11 gueries. ainsi, 442 patients sont hospitalises pour 1007 lits, soit un taux d’occupation de 43,9% ; 406/421 (96 %) patients ont beneficie de repas chaud ; 12/12 (100 %) enfants sont sous lnpe/slm au cte, 5/5 "
"120","2026-09-11","Nord-Kivu",317,,,139.0,127,121,4,,"Continuité des soins / Prise en charge holistique section","127 nouvelles admissions contre 121 sorties enregistrees dont 4 gueries ; 317 patients sont hospitalises, soit un taux d’occupation global en sursaturation (139,0%) ; 54/54 malades (100 %), 1/1 accompagnant et 52/52 prestataires de premiere ligne ont beneficie de repas chauds."
"120","2026-09-11","Haut-Uele",65,,134,48.5,10,10,6,,"Continuité des soins / Prise en charge holistique section","10 nouvelles admissions contre 10 sorties (6 gueries). ainsi, 65 patients sont hospitalises pour 134 lits, soit un taux d’occupation de 48,5% ; de plus, 49 patients, 54 accompagnants et 28 ppl ont beneficie de trois repas chauds."
"120","2026-09-11","Bas-Uele",6,,,,1,1,,,"Continuité des soins / Prise en charge holistique section","1 nouvelle admission contre 1 sortie non-cas ; 6 patients demeurent en isolement dont 1 cas confirme pris en charge a l'hgr de ganga, et 9 contacts a haut risque sont sous prophylaxie a buta et a ganga."
"120","2026-09-11","Tshopo",,,,,2,1,,,"Continuité des soins / Prise en charge holistique section","2 nouvelles admissions ont ete enregistrees contre une sortie (deces). neuf"
"120","2026-09-11","Sud-Kivu",16,,,64.0,0,,,,"Continuité des soins / Prise en charge holistique section","aucune nouvelle admission, 16 cas suspects restent en isolement (taux d’occupation de 64,0 %)."
"121","2026-09-12","Ituri",476,,1015,46.9,131,88,13,,"Continuité des soins / Prise en charge holistique section","131 nouvelles admissions dans les differentes structures dediees contre 88 sorties dont 13 gueries. ainsi, 476 patients sont hospitalises pour 1015 lits, soit un taux d’occupation de 46,9% ; 435/463 (94 %) patients ont beneficie de repas chaud ; 11/11 (100 %) enfants sont sous lnpe/slm au cte, 5/5"
"121","2026-09-12","Nord-Kivu",342,,,150.0,82,60,2,,"Continuité des soins / Prise en charge holistique section","82 nouvelles admissions contre 60 sorties enregistrees dont 2 gueries ; 342 patients sont hospitalises, soit un taux d’occupation global en sursaturation (150,0%), sans aucun lit disponible dans les cte/ct de butembo et katwa ; 64/64 malades (100 %), 8/8 accompagnants et 52/52 prestataires de prem"
"121","2026-09-12","Haut-Uele",69,,134,51.5,11,9,5,,"Continuité des soins / Prise en charge holistique section","11 nouvelles admissions contre 9 sorties (5 gueries). ainsi, 69 patients sont hospitalises pour 134 lits, soit un taux d’occupation de 51,5% ; 42 patients, 55 accompagnants et 26 ppl ont beneficie de repas chauds, a l’exception des cte de boma mangbetu, rungu et gombari ; debut du traitement pro"
"121","2026-09-12","Bas-Uele",7,,,,3,2,,,"Continuité des soins / Prise en charge holistique section","3 nouvelles admissions contre 2 sorties (1 non-cas et 1 evade) ; 7 patients demeurent en isolement dont 1 cas confirme pris en charge a l'hgr de ganga, 11 contacts a haut risque sont sous prophylaxie a buta et a ganga, pour une completude des donnees de prise en charge de 38 % (5/13)."
"121","2026-09-12","Tshopo",12,,31,38.7,9,3,,,"Continuité des soins / Prise en charge holistique section","9 nouvelles admissions ont ete enregistrees contre 3 sorties. douze (12) patients sont en isolement pour 31 lits, soit un taux d’occupation de 38,7%."
"121","2026-09-12","Sud-Kivu",,,,,1,0,,,"Continuité des soins / Prise en charge holistique section","une (1) nouvelle admission a ete enregistree, aucune sortie signalee. dix-sept"
"122","2026-09-13","Ituri",472,,1015,46.5,86,88,12,,"Continuité des soins / Prise en charge holistique section","86 nouvelles admissions ont ete enregistrees dans les differentes structures dediees, contre 88 sorties dont 12 guerisons. ainsi, 472 patients sont pris en charge en hospitalisation pour 1015 lits, soit un taux d’occupation de 46,5 % ; 434/461 (94 %) patients ont beneficie de repas chaud ; 10/10 ("
"122","2026-09-13","Nord-Kivu",332,,,145.6,46,53,2,,"Continuité des soins / Prise en charge holistique section","46 nouvelles admissions ont ete enregistrees contre 53 sorties, dont 2 guerisons ; 332 patients sont pris en charge en hospitalisation, soit un taux d’occupation global en sursaturation (145,6 %) ; 7/7 accompagnants et 42/42 prestataires de premiere ligne ont beneficie de repas chauds."
"122","2026-09-13","Haut-Uele",69,,134,51.5,7,3,,,"Continuité des soins / Prise en charge holistique section","7 nouvelles admissions ont ete enregistrees contre 3 sorties. ainsi, 69 patients sont pris en charge en hospitalisation pour 134 lits, soit un taux d’occupation de 51,5 % ; de plus, 82 accompagnants et 34 ppl ont beneficie de trois repas chauds, a l’exception des zs de rungu et de gombari."
"122","2026-09-13","Bas-Uele",7,,,,1,1,,,"Continuité des soins / Prise en charge holistique section","une (1) nouvelle admission a ete enregistree contre une (1) sortie (non-cas) ; 7 patients restent en isolement, dont 1 cas confirme pris en charge a l’hgr de ganga ; 9 contacts a haut risque sont sous prophylaxie a buta et a ganga, 10 contacts etant sortis indemnes du suivi a buta."
"122","2026-09-13","Tshopo",8,,31,25.8,0,1,,,"Continuité des soins / Prise en charge holistique section","aucune nouvelle admission n’a ete enregistree contre une sortie (non-cas). huit (8) patients sont en isolement pour 31 lits, soit un taux d’occupation de 25,8%."
"122","2026-09-13","Sud-Kivu",17,,25,68.0,0,,,,"Continuité des soins / Prise en charge holistique section","aucune nouvelle admission. dix-sept (17) patients sont en isolement pour 25 lits, soit un taux d’occupation de 68,0 %."
"123","2026-09-14","Ituri",485,,1015,47.8,95,81,,,"Continuité des soins / Prise en charge holistique section","95 nouvelles admissions enregistrees dans les differentes structures dediees, 81 sorties (17 guerisons). ainsi, 485 patients sont pris en charge en hospitalisation pour 1015 lits (taux d’occupation de 47,8 %) ; 454/473 (96 %) patients ont beneficie de repas chaud ; 9/9 (100 %) enfants sont sous ln"
"123","2026-09-14","Nord-Kivu",348,,,152.6,81,79,6,,"Continuité des soins / Prise en charge holistique section","81 nouvelles admissions ont ete enregistrees contre 79 sorties, dont 6 guerisons ; 348 patients sont pris en charge en hospitalisation, soit un taux d’occupation global en sursaturation (152,6 %) ; 7/7 accompagnants et 41/41 prestataires de premiere ligne ont beneficie de repas chauds ; 1 enfant s"
"123","2026-09-14","Haut-Uele",76,,136,55.9,22,15,4,,"Continuité des soins / Prise en charge holistique section","22 nouvelles admissions ont ete enregistrees contre 15 sorties (4 gueries). ainsi, 76 patients sont pris en charge en hospitalisation pour 136 lits, soit un taux d’occupation de 55,9 % ; 80 accompagnants et 32 ppl ont beneficie de trois repas chauds, excepte dans les zs de rungu et gombari."
"123","2026-09-14","Bas-Uele",7,,,,1,1,,,"Continuité des soins / Prise en charge holistique section","une (1) nouvelle admission a ete enregistree contre une (1) sortie (non-cas) ; 7 patients restent en isolement, dont 1 cas confirme pris en charge a l’hgr de ganga ; 9 contacts a haut risque sont sous prophylaxie a buta et a ganga."
"123","2026-09-14","Tshopo",6,,31,19.4,1,5,,,"Continuité des soins / Prise en charge holistique section","une (1) nouvelle admission a ete enregistree contre cinq (5) sorties (non-cas). six (6) patients sont en isolement pour 31 lits, soit un taux d’occupation de 19,4%."
"123","2026-09-14","Sud-Kivu",16,,25,64.0,0,,,,"Continuité des soins / Prise en charge holistique section","aucune nouvelle admission. seize (16) patients sont en isolement pour 25 lits, soit un taux d’occupation de 64,0 %."
"124","2026-09-15","Ituri",461,,1015,45.4,82,103,,,"Continuité des soins / Prise en charge holistique section","82 nouvelles admissions enregistrees dans les differentes structures dediees, 103 sorties (13 guerisons). ainsi, 461 patients sont pris en charge en hospitalisation pour 1015 lits (taux d’occupation de 45,4%) ; 432/451 (95,7 %) patients ont beneficie de repas chaud ; 9/9 (100 %) enfants sont sous "
"124","2026-09-15","Nord-Kivu",373,,,94.7,118,93,4,,"Continuité des soins / Prise en charge holistique section","118 nouvelles admissions ont ete enregistrees contre 93 sorties, dont 4 guerisons ; 373 patients sont pris en charge en hospitalisation dont 216 dans les structures dediees, soit un taux d’occupation global (94,7%) proche de la saturation ; 30/30 (100 %) malades (16 confirmes et 14 suspects) ont b"
"124","2026-09-15","Haut-Uele",63,,136,46.3,6,17,6,,"Continuité des soins / Prise en charge holistique section","6 nouvelles admissions ont ete enregistrees contre 17 sorties (6 gueries). ainsi, 63 patients sont pris en charge en hospitalisation pour 136 lits, soit un taux d’occupation de 46,3 % ; 73 accompagnants et 31 ppl ont beneficie de trois repas chauds, excepte dans les zs de rungu et gombari."
"124","2026-09-15","Bas-Uele",,,,,5,1,,1,"Continuité des soins / Prise en charge holistique section","cinq (5) nouvelles admissions ont ete enregistrees contre une sortie (1 deces)"
"124","2026-09-15","Tshopo",6,,31,19.4,0,0,,,"Continuité des soins / Prise en charge holistique section","aucune nouvelle admission n’a ete enregistree et aucune sortie. six (6) patients sont en isolement pour 31 lits, soit un taux d’occupation de 19,4% ; 6 suspects ont beneficie d’un repas chaud, 1 confirme instable d’un regime alimentaire specifique et 42/42"
"124","2026-09-15","Sud-Kivu",16,,25,64.0,0,,,,"Continuité des soins / Prise en charge holistique section","aucune nouvelle admission. seize (16) patients sont en isolement pour 25 lits, soit un taux d’occupation de 64,0 %."
"125","2026-09-16","Ituri",442,,1015,43.5,89,107,18,,"Continuité des soins / Prise en charge holistique section","89 nouvelles admissions dans les differentes structures dediees contre 107 sorties dont 18 gueries. ainsi, 442 patients sont hospitalises pour 1015 lits, soit un taux d’occupation de 43,5 % ; 405/429 (94,4 %) patients ont beneficie de repas chaud ; 10/10 enfants sont sous lnpe/slm au cte, 4/4 a la"
"125","2026-09-16","Nord-Kivu",376,221,228,96.9,103,60,2,,"Continuité des soins / Prise en charge holistique section","103 nouvelles admissions enregistrees contre 60 sorties dont 2 gueries ; 376 patients sont hospitalises dont 221 dans les structures normees avec une capacite d’accueil 6 de 228 lits, soit un taux d’occupation (96,9 %), proche de la saturation ; 35/35 malades, 10/10 accompagnants et 52/52 presta"
"125","2026-09-16","Haut-Uele",62,,136,45.6,10,2,2,,"Continuité des soins / Prise en charge holistique section","10 nouvelles admissions contre 2 sorties (gueries). ainsi, 62 patients sont hospitalises pour 136 lits, soit un taux d’occupation de 45,6 % ; 62 patients, 67 accompagnants et 31 ppl ont beneficie de trois repas chauds, excepte a rungu et a gombari."
"125","2026-09-16","Bas-Uele",5,,,,1,1,,,"Continuité des soins / Prise en charge holistique section","une (1) nouvelle admission contre une (1) sortie (1 non-cas) ; 5 patients demeurent en isolement dont 1 cas confirme pris en charge a l'hgr de ganga ; 9 contacts a haut risque demeurent sous prophylaxie et 10 sont sortis indemnes du suivi."
"125","2026-09-16","Tshopo",7,,31,22.6,1,0,,,"Continuité des soins / Prise en charge holistique section","une (1) nouvelle admission a ete enregistree, un ppl de sexe masculin age de 35 ans, et aucune sortie. sept (7) patients sont en isolement pour 31 lits, soit un taux d'occupation de 22,6 % ; 4 confirmes et 2 suspects ont beneficie d'un repas chaud et 42/42"
"125","2026-09-16","Sud-Kivu",13,,25,52.0,2,5,,,"Continuité des soins / Prise en charge holistique section","2 nouvelles admissions enregistrees et 5 sorties signalees. treize (13) patients sont en isolement pour 25 lits, soit un taux d’occupation de 52,0 %."
