date,event,kind,effect,detected_by,detected_where,decided_by,decided_where,evidence_url,human_quote,live_from_release,fixed_in_release,n_releases_live,evidence_live
2026-05-26,DRC source moved from the WHO AFRO joint sitrep to INSP situation reports via the INRB-UMIE transcription,data change,C_T median v1.1.0 925 -> v1.2.0 1391,human review,#69,human,#69,https://github.com/epiforecasts/BVDOutbreakSize/issues/69#issuecomment-4519775813,Hmm okay but what I want from this is the data? I can run my own translation with cc?,,,,
2026-06-02,INSP reclassifies suspects (1077 to 906 to 349) and withdraws the suspected-death headline; suspected streams frozen at 26 May and the confirmed streams fitted instead,data change,C_T median v1.2.0 1391 -> v1.3.0 4509 (shared with the laboratory model and the PCR prior),agent self-report,#168,human,#168,https://github.com/epiforecasts/BVDOutbreakSize/issues/168#issuecomment-4601340917,I think we should from this date stop modelling suscpeted and moved to modelling confirmed cases and deaths this will mean having missing in the sus models,,,,
2026-06-04,"PCR sensitivity prior lowered from Beta(30, 2) to Beta(6, 2) and the GeneXpert lower bound dropped, because GeneXpert cannot detect BDBV",model change,released in v1.3.0 (4509); direction not isolated from the same release's other changes,human data check,#131,joint,#131,https://github.com/epiforecasts/BVDOutbreakSize/issues/131#issuecomment-4605440530,"I'd make this quite uninformed, something like Beta(2, 2)",,,,
2026-06-06,Uganda export stream frozen at its 23 May values after lagging the DRC cut-off,data-quality decision,exports stay at 3 cases and 1 death in every later release; not isolated,agent self-report,#141,human,#141,https://github.com/epiforecasts/BVDOutbreakSize/issues/141#issuecomment-4639599194,freezing exports,,,,
2026-06-06,Joint laboratory-queue fit implies a larger outbreak (4935) than every single stream (at most 2280); traced to the positivity link pinning the background low,defect,v1.3.0 released at 4509 with a warning banner; renewal v1.4.0 gave 4161,agent self-report,#212,human,#144,https://github.com/epiforecasts/BVDOutbreakSize/issues/212#issuecomment-4647107920,We have a few days of lab data but trying to fit that - at least with the current model is what is causing the inflation itself. The renewal model doesn't have this so I would suggest we just adopt that.,v1.3.0,v1.4.0,1,"news v1.3.0 (laboratory model) and v1.4.0 (renewal model replaced it); v1.3.0 tagged 2026-06-09, after #212 was opened on 2026-06-06"
2026-06-09,Discrete renewal model with a weekly random walk on R replaces the closed-form constant-growth model,model change,C_T median v1.3.0 4509 -> v1.4.0 4161; 90% interval 3213-7665 -> 2345-12421,human review,#144,human,#144,https://github.com/epiforecasts/BVDOutbreakSize/issues/144#issuecomment-4640589647,my preference is the renewal model on #103 ... we could also release main and then role into a quick renewal release and note the methods switch,,,,
2026-06-10,24h analysed laboratory volume fitted to anchor positivity after the national laboratory total stopped,data change,C_T median v1.4.0 4161 -> v1.5.0 4490; agent's short-run gate 7013 without the anchor vs 4741 with it,human data check,#235,human,#235,https://github.com/epiforecasts/BVDOutbreakSize/issues/235#issuecomment-4660405160,"I think we should put this in the next release - specifically, the number of tests done.",,,,
2026-06-15,Non-BVD background prior widened (half-normal SD 1 to 8) so the laboratory positivity (210/755) identifies it; suspect pool inferred to be a minority BVD,model change,C_T median v1.5.0 4490 -> v1.6.0 2250 (shared with the other v1.6.0 changes),agent self-report,commit 6665908a,agent,commit 6665908a,https://github.com/epiforecasts/BVDOutbreakSize/commit/6665908a,,,,,
2026-06-15,Supply-limited isolation-bed model with latent demand and a random-walk capacity,model change,new stream in v1.6.0 (2250); not isolated,human review,#259,joint,#259,https://github.com/epiforecasts/BVDOutbreakSize/pull/259#issuecomment-4705891473,My understanding that capacity so far has been supply-driven as demand has outstripped supply,,,,
2026-06-20,"R walk starts 14 days, then 28 days, before the first situation report rather than at it",model change,R_t: removes the surge held at R0 until the first report; in v1.6.0,human review,#294,human,#294,https://github.com/epiforecasts/BVDOutbreakSize/pull/294#pullrequestreview-4538481154,this removes the models fighting/surge Rt due to misspecified inability to hange Rt earlier.,,,,
2026-07-03,19 June DHIS2 occupancy reclassification (416 to 361) given a fitted level offset instead of being read as demand,data-quality decision,R_t: joint R(t) range 0.95-1.89 against 0.17-0.27 in the single-stream fits before the offset; C_T v1.6.0 2250 -> v1.7.0 6430 (shared with the other v1.7.0 changes),agent self-report,#372,human,#372,https://github.com/epiforecasts/BVDOutbreakSize/pull/372#pullrequestreview-4625264834,LGTM,,,,
2026-07-03,Uganda's 14 exported cases (WHO DON 606) not added; export stream stays frozen,data-quality decision,none; exports frozen,human data check,#244,human,#244,https://github.com/epiforecasts/BVDOutbreakSize/issues/244#issuecomment-4875278408,given we are modelling the in isolation flows in the DRC we perhaps don't need to do this give that this data is not likely to be representative,,,,
2026-07-08,Proposal to drop the two repeated +39 confirmed-death vintages (drop_dates) rejected,data-quality decision,"not released; PR closed unmerged, vintages kept",agent self-report,#403,human,#403,https://github.com/epiforecasts/BVDOutbreakSize/pull/403#issuecomment-4914372165,I tihnk this would suggest the running total is incorrect which we might expect to be updated (but it hasn't been). Given this I think we should leave this as is.,,,,
2026-07-08,"Contact-tracing grounding of case-finding (would move R_t) refused for non-convergence, with #402 the same day",model change,not released; PR #400 closed unmerged,human review,#400,human,#400,https://github.com/epiforecasts/BVDOutbreakSize/pull/400#issuecomment-4914422602,This doesn't converge so we can't merge.,,,,
2026-07-10,"Molecular clock and growth prior updated to the outbreak-specific BEAST X analysis (TMRCA 15 March, doubling 11.7 d)",model change,C_T median v1.8.0 4380 -> v1.9.0 4791,human data check,#406,human,#406,https://github.com/epiforecasts/BVDOutbreakSize/issues/406,Would be good to update the prior using the estimate from the recently published,,,,
2026-07-21,Meta-population branch inflates the outbreak size; agent adds an anchoring factor on 10 August pinning provincial R to the national trend,defect,not released (branch); branch commit says the old code inflated national C_T roughly thirtyfold,human review,#412,agent,commit ec835e03,https://github.com/epiforecasts/BVDOutbreakSize/pull/412#issuecomment-5037175280,The much larger outbreak size is worrying and I am not sure plausible. You don't show estimates or forecats for any of the spatial patches or Rt by patch,,,,
2026-07-27,22 July harmonisation (+369 net against +97 gross confirmed cases) given an opt-in confirmed break day,data-quality decision,C_T median v1.10.0 5224 -> v1.12.0 7446 (shared with the onset stream and the m prior),agent self-report,#485,agent,#485,https://github.com/epiforecasts/BVDOutbreakSize/pull/485,,,,,
2026-07-30,Digitised onset reporting triangle fitted; hazard normalised to one and ascertainment made an explicit level after review,model change,C_T median v1.10.0 5224 -> v1.12.0 7446 (shared); agent measured the implicit ascertainment at 0.99 before and 0.46 anchored after,human review,#499,human,#499,https://github.com/epiforecasts/BVDOutbreakSize/pull/499#issuecomment-5133364590,I think we need to move to time varying ascertainment wit ha prior we understand and proper reporting provs i.e a hazard that ends with 1 in order to reason on the prior,,,,
2026-07-31,"Cryptic-phase prior m widened and shifted to Normal+(5, 4) on field evidence of a January start",model change,C_T median v1.10.0 5224 -> v1.12.0 7446 (shared),human data check,#533,human,#533,https://github.com/epiforecasts/BVDOutbreakSize/issues/533,our choice to use the genetic start time as a upper bound vs a centering point was a good call,,,,
2026-08-04,Growth-rate prior widened to log-SD 0.40 (doubling 5.3-25.6 d at 95%),model change,C_T median v1.12.0 7446 -> V1.13.1 8672,human data check,#539,human,#539,https://github.com/epiforecasts/BVDOutbreakSize/issues/539,This is currently constrained based on the genetic evidence but disagree vs the implied prior by current on the ground reporting of the outbreak starting earlier in I.e January,,,,
2026-08-10,Brief-format SitReps 084-089 drop Tableau 6 and the daily-suspect tile; treatment flows frozen at SitRep 080 and daily suspects at 083,data change,"C_T median V1.13.1 8672 -> v1.13.2 9147; fit reduced to the confirmed, death, recovered and isolation streams",agent self-report,#562,human,#565,https://github.com/epiforecasts/BVDOutbreakSize/issues/565#issuecomment-5314264922,I think as the data streams are now back we can shelve this for now.,,,,
2026-08-14,"Isolation census drop of 146 at SitRep 088 to 089 given an occupancy break day, over the agent's reading that the drop was real",data-quality decision,R_t not bent by the drop; released in v1.13.2 (9147),human data check,#567,human,#567,https://github.com/epiforecasts/BVDOutbreakSize/pull/567#issuecomment-5291322716,No look at the national trend over time we need a break from 88 to 89,,,,
2026-08-24,"Two retrospective +1 case corrections (SitReps 097, 100) left without break days",data-quality decision,none,agent self-report,#593,human,#593,https://github.com/epiforecasts/BVDOutbreakSize/issues/593#issuecomment-5397102648,I think this is small enought ot ignore.,,,,
2026-08-24,"SitRep 098 onset figure (lossless render, +3.4% against printed n, 280 above both neighbours on stable dates) excluded from the onset curve",data-quality decision,onset stream only; in v1.15.0,agent self-report,#594,agent,#594,https://github.com/epiforecasts/BVDOutbreakSize/issues/594,,,,,
2026-08-26,"Five one-week-ahead forecast defects: cumulative fallback to zero, confirmed-death cap, wrong dispersion, one-draw horizon replicate, last innovation compounded as a slope",defect,forecasts: 90% coverage sat at 1.00; four-week R between 0.245 and 14.9; fixed in v1.15.0,prospective evaluation,#606,joint,#613,https://github.com/epiforecasts/BVDOutbreakSize/issues/606,Even if we are it could be the difference between a daily model with compounding error and a weekly model that doesn't have this.,v1.4.0,v1.15.0,13,the innovation-as-slope forecast entered with the renewal model in #155 (first released in v1.4.0) and the cumulative fallback in #357 (v1.7.0); fixes #613 (merged 2026-08-26) and #616 (2026-08-27) are in v1.15.0 (tagged 2026-08-27); news v1.15.0
2026-08-28,Backfilled forecasts left as reconstructed with the compounding defect; later fourteen frozen reconstructions with zero medians dropped from scoring,data-quality decision,frozen-fit and cross-release skill tables; exclusions listed in v2.1.0,human review,#622,agent,#622,https://github.com/epiforecasts/BVDOutbreakSize/issues/622,I am on the fence as to what to do here.,,,,
2026-08-28,Reporting-break corrections applied in the fit but not in frozen-fit or release scoring,defect,frozen-fit forecasts an order of magnitude out; fixed in v1.17.0 (#637),prospective evaluation,#623,human,#623,https://github.com/epiforecasts/BVDOutbreakSize/issues/623,it looks like these aren't being applied here so the forecasts are an order of magnitude out,v1.11.0,v1.17.0,8,"frozen-fit and cross-release scoring entered in #434 (merged 2026-07-22, first released in v1.11.0) while fits had carried occupancy break days since #372 (v1.7.0); fix #637 merged 2026-09-04, in v1.17.0 (tagged 2026-09-04); news v1.17.0"
2026-09-03,"Review bot finds the scoring fix carried confirmed but not occupancy break days onto frozen vintages, defeating it on the bed stream",defect,bed-forecast scoring across breaks; in v1.17.0,automated review bot,#637,agent,#637,https://github.com/epiforecasts/BVDOutbreakSize/pull/637#issuecomment-5531111868,,v1.11.0,v1.17.0,8,"carry_break_days entered in #524 (merged 2026-07-29, first released in v1.11.0) carrying confirmed break days only; the finding was that #637 still omitted the occupancy days, so the released span is the bed-stream part of the #623 defect; fixed in v1.17.0"
2026-09-03,Review bot finds the bed shortfall could go negative with a positive offset; its formula declined and the shortfall measured against capacity instead,defect,forecast bed-shortfall column; in v1.17.0,automated review bot,#637,agent,#637,https://github.com/epiforecasts/BVDOutbreakSize/pull/637#issuecomment-5531338609,,none,v1.17.0,0,"the offset under which the shortfall could go negative was added by #637 itself and the finding came before merge, so no release carried it; #637 is in v1.17.0"
2026-09-04,Python onset digitiser (the one the data updater runs) 175 cells adrift from the Julia reference from three off-by-one errors,defect,no committed row changed; in v1.17.0,agent self-report,#594,agent,#635,https://github.com/epiforecasts/BVDOutbreakSize/pull/635,Check onset digitisation,,,,
2026-09-04,Onset triangle given a per-scan level error rather than per-cell noise,model change,"agent A/B on SitRep 109 data: C_T 13022 -> 12566, R_T 1.009 -> 0.976; released v1.16.0 12910 -> v1.17.0 12100",agent self-report,#507,joint,#642,https://github.com/epiforecasts/BVDOutbreakSize/pull/642#discussion_r3936181303,The modelled level each cell differences therefore carries its own scan's multiplier,,,,
2026-09-10,"SitReps 115-116 print an onset date past the report date (delay-0 cell); data PR shows joint R-hat 2.644; SitRep 117 block excluded on a diagnosis the agent later retracted, then restored",data-quality decision,loader bounds the pair window; onset ESS 66 -> 293 with the blocks out; joint unchanged,human review,#661,joint,#661,https://github.com/epiforecasts/BVDOutbreakSize/pull/661#issuecomment-5618297352,Code on main is fitting as we expect with reasonable diagnostics but this PR has a Rhat of more that 2 and looks very unstable. On first glance the data actually looks reasonable so we need to investigate in the first instance.,,,,
2026-09-13,Frozen chain: R-hat 2.644 identical across three datasets traced to a fixed seed and prior initialisation; chains now screen eight prior draws,defect,joint fit unusable on the data PR; fixed before V2.0.0,agent self-report,#671,agent,#671,https://github.com/epiforecasts/BVDOutbreakSize/issues/671,,,,,
2026-09-13,"Anchoring factor defended by the agent with a prior simulation, then removed after review",model change,branch fits: three provinces 13688 against one population 13315 with the anchoring gone; headline V2.0.0 14578,human review,#412,human,#412,https://github.com/epiforecasts/BVDOutbreakSize/pull/412#discussion_r3996985679,What? You have a pruior on the derivedd national Rt that seems fine to me? i.e as well? You are fitting to national level data which should constrain things?,,,,
2026-09-14,"Analysed laboratory volume capped below the modelled suspect inflow, contradicting the published methods; a sampled specimens-per-suspect factor added",defect,released fits before V2.0.0 carried the cap; listed under V2.0.0 Fixed,agent self-report,#677,joint,#677,https://github.com/epiforecasts/BVDOutbreakSize/pull/677#pullrequestreview-5200560195,Close see bot review and my inline points,v1.5.0,V2.0.0,16,"the analysed volume has been tau_test times the convolved suspect inflow since #237 (commit 81eaf0c9, 2026-06-10, first released in v1.5.0; src/models/observations.jl line 698 at v1.5.0); the data first crossed that ceiling in July 2026 (PR #677 table); fix #677 merged 2026-09-15, in V2.0.0 (tagged 2026-09-16); news v2.0.0"
2026-09-15,"m counts generations rather than doublings; prior recentred by inline suggestion to Normal+(4, 2) at the documented first deaths",model change,"agent reweighting of the joint chain: C_T +1.9% to +4.3%, seed +14% to +15%; released v1.18.0 13771 -> V2.0.0 14578 (shared)",agent self-report,#672,joint,#679,https://github.com/epiforecasts/BVDOutbreakSize/pull/679#discussion_r4013976694,"We place a prior on $m$ centred so that the implied origin sits at the end of January, at the documented first deaths",,,,
2026-09-15,"Origin prior re-centred to mid-February (Normal+(2.75, 1.2)), moving the 25 January death from the centre to the 87th percentile",model change,released in V2.0.0 (14578); not isolated,agent self-report,#690,agent,#690,https://github.com/epiforecasts/BVDOutbreakSize/pull/690,,,,,
2026-09-15,"SitRep 083-085 PDFs return 404 on insp.cd (first called permanent, then transient, then recurring); committed digitisations kept",data-quality decision,none,agent self-report,#673,human,#673,https://github.com/epiforecasts/BVDOutbreakSize/issues/673#issuecomment-5679665257,I htink we need to accept not updating these ones and leaving with the last available digitisation.,,,,
2026-09-15,Four-patch meta-population model becomes the headline,model change,"C_T median v1.18.0 13771 -> V2.0.0 14578; per-province R, CFR and ascertainment added",human review,#412,human,#412,https://github.com/epiforecasts/BVDOutbreakSize/pull/412#issuecomment-4950535730,This needs to be the new headline model ie joint and be wired into the analysis and sensitivity ie for one week ahead forecasts. I don't see evidence it works here,,,,
2026-09-15,"Posterior predictive built without the patch arguments, so every case-driven stream came out short",defect,fixed inside PR 412 before V2.0.0; no released output carried it,unrecorded,news v2.0.0,agent,#412,https://github.com/epiforecasts/BVDOutbreakSize/blob/main/docs/src/news.md,,,,,
2026-09-16,Daily new-suspect series resumed from 7 August through the alert-validation table,data change,"V2.0.0 headline fit fails to converge: worst R-hat 1.6, 5 bulk ESS, 223 divergences",agent self-report,#708,agent,#713,https://github.com/epiforecasts/BVDOutbreakSize/pull/713,,,,,
2026-09-17,V2.0.0 published with an unconverged headline fit; background and bed-capacity walks centred and sigma_bg prior widened,defect,C_T median V2.0.0 14578 -> v2.1.0 13314; PR: it does not move the answer,agent self-report,#740,agent,#745,https://github.com/epiforecasts/BVDOutbreakSize/pull/745,,V2.0.0,v2.1.0,1,"V2.0.0 tagged 2026-09-16 with results-V2.0.0 the same day; #745 merged 2026-09-17, in v2.1.0 (tagged 2026-09-18); news v2.1.0 flags the v2.0.0 convergence failure"
2026-09-17,Matched forecast scoring keyed without the made date,defect,frozen confirmed-death skill 3.18 -> 1.76 and confirmed cases 1.76 -> 1.91; in v2.1.0,agent self-report,#742,agent,#742,https://github.com/epiforecasts/BVDOutbreakSize/pull/742,,v1.11.0,v2.1.0,11,"_matched_scores has keyed on release and horizon since #497 (merged 2026-07-29, first released in v1.11.0) over the frozen table #434 added in the same release; fix #742 merged 2026-09-17, in v2.1.0; news v2.1.0"
2026-09-18,"Provincial confirmed composition paid the receipt delay only, missing the report leg",defect,provincial split attributed to earlier days than the national total; in v2.1.0,agent self-report,#756,agent,#756,https://github.com/epiforecasts/BVDOutbreakSize/issues/756,,V2.0.0,v2.1.0,1,src/models/joint.jl line 521 at V2.0.0 convolves the receipt pmf only; issue opened 2026-09-17 after the V2.0.0 tag; fixed in v2.1.0 per news v2.1.0 (#756)
2026-09-21,Sensitivity page still says the headline runs three provinces and should not be read from the meta-population fit,defect,released report text at v2.1.0; fixed 26 September (#933),agent self-report,#781,agent,#933,https://github.com/epiforecasts/BVDOutbreakSize/issues/781,,V2.0.0,v2.2.0,2,"docs/examples/sensitivity.jl carries 'three affected provinces' at V2.0.0 and v2.1.0 and not at v2.2.0; #933 merged 2026-09-26, in v2.2.0 (tagged 2026-09-28)"
2026-09-22,Death analysed volume no longer capped at the suspected-death pool,model change,not released (results-2338 only); fitted values change,agent self-report,#678,agent,#820,https://github.com/epiforecasts/BVDOutbreakSize/pull/820,,,,,
2026-09-24,Onset digitiser read 10 to 23% short of the printed n from SitRep 108 and mis-dated bars by up to two days; reader rewritten,defect,onset curve data in v1.16.0 to v2.1.0; reader rewritten in v2.2.0,agent self-report,#875,joint,#875,https://github.com/epiforecasts/BVDOutbreakSize/pull/875#pullrequestreview-5307701089,Adds an improved onset digisiter so low risk but requires looking again at the onset part of the model.,v1.16.0,v2.2.0,5,"PR #875 dates the short reads from SitRep 108, which entered data/onset_curve_scanned.csv in #630 (merged 2026-09-02, in v1.16.0; news v1.16.0 'reads SitRep 108'); #875 merged 2026-09-24, in v2.2.0 (tagged 2026-09-28); news v2.2.0"
2026-09-24,Chamla comparison table prints the current confirmed total (7773) as observed by 23 June (1155),defect,released sensitivity page; fixed on main by #964 after v2.2.0,agent self-report,#888,human,#888,https://github.com/epiforecasts/BVDOutbreakSize/issues/888#issuecomment-5822068785,Yeah could do with a fix,v1.7.0,unreleased (#964),17,"docs/examples/sensitivity.jl at v1.7.0 (lines 589 and 628) fills the 23 June cell with obs.confirmed_cases, from #340 (first released in v1.7.0), and docs/pages/sensitivity.jl line 909 at v2.2.0 still does; fix #964 merged 2026-09-28 19:12 +0100, after the v2.2.0 tag (18:30 +0100), so no release carries it"
2026-09-24,Every forecast drawn from the fitted model with predict rather than a hand-written projection,model change,forecasts: not released (results-2338 only),agent self-report,#867,joint,#867,https://github.com/epiforecasts/BVDOutbreakSize/pull/867#pullrequestreview-5304305086,This all looks good I think can we check that this won't slow down fitting much I think not,,,,
